{"items":{"3940.00000":[[74,0,1,2,0,2.0,0.0],[75,0,2,3,0,3.0,0.0]],"1096.00000":[[75,0,3,3,1,4.0,5.0]],"15024.00000":[[75,0,4,5,1,6.0,0.0],[74,0,2,4,0,5.0,0.0]],"806641.00000":[[75,0,1,1,0,1.0,0.0],[74,0,1,5,0,5.0,0.0]],"2969.00000":[[75,0,2,2,0,2.0,0.0]],"2970.00000":[[75,0,1,1,0,2.0,0.0]],"5456.00000":[[75,0,0,2,0,2.0,0.0],[74,0,0,2,0,1.0,0.0]],"4233.00000":[[75,0,1,2,0,3.0,0.0]],"650770.00000":[[75,0,2,4,0,4.0,0.0],[74,0,2,2,0,3.0,0.0]],"1051.00000":[[75,0,1,37,1,38.0,0.0],[74,0,0,10,0,10.0,0.0]],"20422.00000":[[74,0,2,4,0,4.0,0.0]],"4563.00000":[[75,0,1,1,0,1.0,0.0]],"3967.00000":[[75,0,7,11,0,19.0,0.0],[74,0,3,8,0,27.0,0.0]],"85194.00000":[[75,0,0,1,0,1.0,0.0]],"592302.00000":[[74,0,1,4,0,6.0,0.0],[75,0,4,2,2,4.0,0.0]],"1005.00000":[[74,0,10,16,0,16.0,0.0],[75,0,8,15,0,15.0,0.0]],"6746.00000":[[74,0,1,1,0,2.0,0.0],[75,0,0,1,0,1.0,0.0]],"5132.00000":[[75,0,1,13,1,40.0,0.0],[74,0,0,8,0,25.0,0.0]],"1043.00000":[[74,0,0,22,0,35.0,0.0],[75,0,0,13,0,13.0,0.0]],"3508.00000":[[75,0,3,2,1,3.0,2.0]],"1121.00000":[[75,0,0,14,0,40.0,0.0],[74,0,0,15,0,41.0,0.0]],"5796.00000":[[74,0,1,3,0,3.0,0.0]],"16372.00000":[[74,0,0,3,0,3.0,0.0]],"6187.00000":[[75,0,6,7,0,7.0,0.0],[74,0,3,5,0,5.0,0.0]],"5798.00000":[[75,0,0,4,0,4.0,0.0],[74,0,0,3,0,3.0,0.0]],"1113.00000":[[75,0,2,2,0,2.0,0.0],[74,0,0,1,0,1.0,0.0]],"1072.00000":[[74,0,4,7,0,7.0,0.0],[75,0,7,9,0,10.0,0.0]],"19903.00000":[[74,0,1,1,0,1.0,0.0]],"10664.00000":[[74,0,1,4,0,4.0,0.0],[75,0,5,11,0,11.0,0.0]],"993186.00000":[[75,0,2,2,0,2.0,0.0]],"1013.00000":[[75,0,1,2,0,2.0,0.0],[74,0,2,4,0,4.0,0.0]],"8547.00000":[[75,0,1,2,0,2.0,0.0]],"17040.00000":[[75,0,0,0,1,1.0,0.0]],"5449.00000":[[75,0,1,1,0,1.0,0.0]],"1025.00000":[[75,0,1,2,0,2.0,0.0],[74,0,0,1,0,1.0,0.0]],"17011.00000":[[75,0,2,2,0,2.0,0.0]],"4360.00000":[[75,0,1,1,0,2.0,0.0]],"16997.00000":[[75,0,0,7,0,8.0,0.0],[74,0,0,1,0,2.0,0.0]],"1066.00000":[[74,0,3,8,0,8.0,0.0],[75,0,1,6,0,6.0,0.0]],"1296.00000":[[75,0,5,13,0,13.0,0.0]],"382395.00000":[[75,0,0,1,0,1.0,0.0]],"24381.00000":[[75,0,2,2,0,2.0,0.0],[74,0,0,2,0,2.0,0.0]],"1069.00000":[[75,0,2,4,0,4.0,0.0]],"4083.00000":[[75,0,0,2,0,2.0,0.0]],"94788.00000":[[74,0,1,2,0,2.0,0.0]],"2116.00000":[[75,0,33,6,41,47.0,0.0],[74,0,16,29,0,31.0,0.0]],"4363.00000":[[75,0,1,2,0,0.0,0.0]],"1016.00000":[[75,0,4,4,0,4.0,0.0]],"1007.00000":[[74,0,1,3,0,3.0,0.0]],"1095.00000":[[75,0,4,7,0,7.0,0.0]],"7387.00000":[[75,0,1,1,0,2.0,0.0]],"1047.00000":[[75,2,6,3,10,13.0,0.0],[74,0,0,2,0,7.0,0.0]],"774437.00000":[[74,0,1,2,0,2.0,0.0],[75,0,2,2,0,2.0,0.0]],"8707.00000":[[75,0,2,2,0,2.0,0.0],[74,0,2,2,0,2.0,0.0]],"16373.00000":[[75,0,0,18,0,23.0,0.0],[74,0,0,1,0,1.0,0.0]],"15033.00000":[[74,0,1,1,0,2.0,0.0],[75,0,0,1,0,1.0,0.0]],"15049.00000":[[75,0,1,1,0,2.0,0.0]],"7463.00000":[[75,0,0,1,0,1.0,0.0],[74,0,0,2,0,3.0,0.0]],"32331.00000":[[75,0,0,2,0,4.0,0.0]],"143045.00000":[[75,0,0,1,0,1.0,0.0],[74,0,0,2,0,2.0,0.0]],"2610.00000":[[74,0,2,2,0,2.0,0.0]],"7471.00000":[[74,0,1,1,0,1.0,0.0],[75,0,1,1,0,2.0,0.0]],"8438.00000":[[75,0,0,2,0,2.0,0.0]],"757444.00000":[[75,0,0,1,0,4.0,0.0]],"34585.00000":[[75,0,1,1,0,1.0,0.0]],"831537.00000":[[75,0,1,1,0,1.0,0.0]],"3941.00000":[[74,0,3,5,0,7.0,0.0],[75,0,1,1,0,2.0,0.0]],"11567.00000":[[75,0,0,1,0,1.0,0.0]],"3943.00000":[[74,0,1,1,0,3.0,0.0],[75,0,0,1,0,3.0,0.0]],"6753.00000":[[74,0,0,1,0,1.0,0.0]],"25687.00000":[[75,0,0,2,0,2.0,0.0]],"1036.00000":[[75,1,15,20,0,20.0,0.0],[74,0,4,6,0,26.0,0.0]],"11570.00000":[[75,0,1,1,0,1.0,0.0],[74,0,1,1,0,2.0,0.0]],"5948.00000":[[74,0,1,2,0,2.0,0.0],[75,0,1,2,0,2.0,0.0]],"208289.00000":[[74,0,0,2,0,2.0,0.0]],"3797.00000":[[75,0,2,3,0,22.0,0.0]],"6461.00000":[[74,0,0,3,0,3.0,0.0],[75,0,0,3,0,3.0,0.0]],"254161.00000":[[75,0,0,1,0,3.0,0.0]],"15352.00000":[[75,0,1,1,0,1.0,0.0],[74,0,2,2,0,3.0,0.0]],"6331.00000":[[74,0,0,1,0,1.0,0.0]],"1108.00000":[[74,0,6,15,0,15.0,0.0],[75,0,10,1,14,15.0,0.0]],"6132.00000":[[74,0,1,2,0,2.0,0.0],[75,0,0,1,0,1.0,0.0]],"4599.00000":[[75,0,3,4,1,5.0,0.0],[74,0,4,13,0,14.0,0.0]],"2609.00000":[[75,0,2,3,0,3.0,0.0]],"6457.00000":[[74,0,0,2,0,3.0,0.0],[75,0,0,1,0,1.0,0.0]],"1101.00000":[[75,0,2,2,0,2.0,0.0],[74,0,1,2,0,2.0,0.0]],"560063.00000":[[75,0,0,2,1,3.0,0.0]],"896827.00000":[[75,0,0,0,2,3.0,0.0]],"3795.00000":[[74,0,0,5,0,10.0,0.0],[75,0,0,20,0,20.0,0.0]],"3902.00000":[[74,0,0,1,0,2.0,2.0],[75,0,1,1,0,1.0,0.0]],"183593.00000":[[74,0,0,1,0,2.0,0.0]],"10471.00000":[[74,0,0,1,0,3.0,0.0]],"3387.00000":[[75,0,1,1,0,1.0,0.0]],"8542.00000":[[74,0,0,1,0,2.0,0.0]],"44026.00000":[[75,0,0,1,0,2.0,0.0]],"7821.00000":[[74,0,5,7,0,7.0,0.0]],"197437.00000":[[75,0,2,2,0,2.0,0.0]],"495450.00000":[[75,0,0,1,0,1.0,0.0]],"27568.00000":[[74,0,0,2,0,2.0,0.0],[75,0,0,2,0,2.0,0.0]],"1106.00000":[[74,0,1,1,0,1.0,0.0]],"4070.00000":[[75,0,2,2,0,2.0,0.0]],"52733.00000":[[74,0,0,2,0,1.0,0.0],[75,0,0,0,1,3.0,0.0]],"997.00000":[[75,0,0,1,0,1.0,0.0]],"3383.00000":[[75,0,1,2,0,2.0,0.0]],"4597.00000":[[75,0,6,8,0,8.0,0.0],[74,0,2,4,0,12.0,0.0]],"8675.00000":[[75,0,0,1,0,1.0,0.0]],"1037.00000":[[75,0,6,5,2,7.0,0.0],[74,0,2,6,0,7.0,0.0]],"11565.00000":[[74,0,8,11,0,14.0,0.0],[75,0,7,8,2,10.0,0.0]],"1294.00000":[[75,0,6,8,0,8.0,0.0]],"9497.00000":[[74,0,0,1,0,3.0,0.0],[75,0,0,2,2,5.0,0.0]],"1107.00000":[[74,0,2,3,0,3.0,0.0]],"8535.00000":[[75,1,1,2,0,2.0,0.0]],"93554.00000":[[75,0,1,2,0,2.0,0.0]],"1131.00000":[[75,0,1,2,2,7.0,4.0],[74,0,2,2,0,4.0,3.0]],"63716.00000":[[75,0,0,2,0,2.0,0.0]],"13208.00000":[[75,0,1,3,0,3.0,0.0],[74,0,0,1,0,4.0,0.0]],"4209.00000":[[75,0,3,3,0,3.0,0.0]],"5997.00000":[[75,0,0,1,0,1.0,0.0]],"8287.00000":[[75,0,0,2,0,2.0,0.0],[74,0,0,2,0,2.0,0.0]],"175981.00000":[[74,0,2,2,0,2.0,0.0],[75,0,1,2,0,2.0,0.0]],"1045.00000":[[75,0,0,3,0,3.0,0.0],[74,0,0,1,0,4.0,0.0]],"998.00000":[[74,0,0,1,0,2.0,0.0],[75,0,1,3,0,3.0,0.0]],"1009.00000":[[74,0,0,3,0,3.0,0.0]],"993.00000":[[75,0,0,2,0,2.0,0.0]],"1026.00000":[[74,0,2,4,0,4.0,0.0]],"6571.00000":[[75,0,1,1,0,1.0,0.0]],"4079.00000":[[75,0,2,3,0,3.0,0.0]],"15353.00000":[[75,0,0,5,4,9.0,0.0],[74,0,0,1,0,5.0,0.0]],"623544.00000":[[75,0,0,1,0,1.0,0.0]],"11577.00000":[[75,0,2,2,0,2.0,0.0]],"9499.00000":[[75,0,0,2,0,3.0,0.0]],"12677.00000":[[75,0,1,2,0,2.0,0.0]],"9498.00000":[[75,0,0,1,2,5.0,0.0],[74,0,0,1,0,3.0,0.0]],"5452.00000":[[75,0,0,1,0,1.0,0.0],[74,0,0,1,0,1.0,0.0]],"3384.00000":[[75,0,1,1,0,1.0,0.0]],"8689.00000":[[75,0,5,8,0,8.0,0.0]],"6459.00000":[[74,0,0,2,0,2.0,0.0]],"1079.00000":[[75,0,2,2,1,3.0,0.0]],"9009.00000":[[75,0,1,1,0,3.0,0.0]],"4213.00000":[[75,0,2,4,0,12.0,0.0]],"1289.00000":[[74,0,0,2,0,0.0,0.0]],"1068.00000":[[75,0,4,6,0,8.0,0.0],[74,0,1,1,0,4.0,0.0]],"800076.00000":[[75,0,0,1,0,1.0,0.0]],"5795.00000":[[74,0,0,1,0,3.0,0.0]],"19901.00000":[[74,0,0,2,0,8.0,0.0],[75,1,2,4,3,16.0,0.0]],"797582.00000":[[75,0,0,1,0,2.0,0.0]],"73772.00000":[[75,0,0,0,2,2.0,0.0]],"7460.00000":[[75,0,0,3,0,3.0,0.0]],"12683.00000":[[75,0,1,2,0,2.0,0.0]],"308035.00000":[[75,0,0,2,0,2.0,0.0],[74,0,0,1,0,1.0,0.0]],"1103.00000":[[75,0,2,3,0,3.0,0.0]],"1049.00000":[[75,0,2,2,0,3.0,0.0]],"44023.00000":[[75,0,2,2,0,2.0,0.0]],"88844.00000":[[75,0,0,3,0,3.0,0.0]],"5803.00000":[[75,0,0,1,0,3.0,0.0]],"32330.00000":[[75,0,2,2,0,2.0,0.0]],"6483.00000":[[74,0,6,7,0,7.0,0.0]],"741630.00000":[[75,0,0,1,3,4.0,0.0]],"1284.00000":[[75,0,38,66,0,66.0,0.0]],"441283.00000":[[74,0,0,3,0,3.0,0.0],[75,0,0,1,0,1.0,0.0]],"7044.00000":[[75,0,2,2,0,4.0,0.0]],"654624.00000":[[75,0,3,1,2,3.0,0.0]],"91485.00000":[[75,0,1,2,0,2.0,0.0]],"12474.00000":[[75,0,0,1,0,1.0,0.0]],"5949.00000":[[75,0,1,1,0,1.0,0.0]],"18544.00000":[[75,0,2,4,0,4.0,0.0]],"1062.00000":[[74,0,0,1,0,2.0,0.0]],"4068.00000":[[75,0,3,0,3,6.0,0.0]],"8688.00000":[[75,0,2,2,2,4.0,0.0]],"4600.00000":[[75,0,1,1,0,1.0,0.0]],"14877.00000":[[74,0,1,1,0,1.0,0.0]],"7388.00000":[[75,0,4,5,0,8.0,0.0]]}}