{"items":{"1074.00000":[[78,0,6,6,0,6.0,0.0],[79,0,7,7,0,7.0,0.0]],"1284.00000":[[78,0,7,10,0,10.0,0.0],[79,1,36,41,0,81.0,0.0]],"24381.00000":[[78,1,2,4,0,55.0,0.0],[79,0,3,6,0,10.0,0.0]],"8687.00000":[[79,0,0,1,0,3.0,0.0]],"16377.00000":[[78,0,1,1,0,2.0,0.0]],"16372.00000":[[79,0,0,1,0,2.0,0.0]],"6688.00000":[[79,0,5,6,1,42.0,0.0],[78,0,3,5,0,110.0,0.0]],"5733.00000":[[79,0,4,5,0,22.0,0.0]],"3943.00000":[[79,0,2,3,0,3.0,0.0]],"669587.00000":[[79,0,0,1,0,2.0,0.0]],"52733.00000":[[78,0,0,1,0,1.0,0.0]],"15353.00000":[[79,0,0,1,0,1.0,0.0],[78,0,0,1,0,2.0,0.0]],"4231.00000":[[77,0,1,2,0,2.0,0.0],[79,0,1,1,0,2.0,0.0]],"1095.00000":[[78,1,6,8,2,23.0,0.0],[79,0,11,11,2,13.0,0.0]],"4599.00000":[[79,0,8,8,3,11.0,0.0]],"55568.00000":[[79,0,3,4,0,4.0,0.0],[78,0,2,6,0,7.0,0.0]],"13528.00000":[[78,0,1,1,0,1.0,0.0]],"5456.00000":[[79,0,0,1,0,1.0,0.0]],"11565.00000":[[78,1,6,6,0,29.0,0.0],[79,0,3,3,0,21.0,0.0]],"1292.00000":[[78,0,0,1,0,1.0,0.0],[79,0,0,1,0,2.0,0.0]],"4133.00000":[[79,1,3,4,0,4.0,0.0]],"837212.00000":[[78,0,0,1,0,3.0,0.0]],"918705.00000":[[79,0,2,2,0,13.0,0.0],[78,0,2,2,0,15.0,0.0]],"1005.00000":[[78,0,9,10,0,16.0,0.0],[79,0,11,14,0,22.0,0.0]],"539034.00000":[[78,0,1,1,0,2.0,0.0],[79,0,3,3,0,3.0,0.0]],"1131.00000":[[79,0,1,0,1,3.0,3.0],[78,0,2,0,2,4.0,2.0]],"3795.00000":[[79,0,0,10,0,10.0,0.0]],"17053.00000":[[78,0,1,1,0,24.0,0.0],[79,0,0,1,0,2.0,0.0]],"993.00000":[[79,0,0,1,0,1.0,0.0],[78,0,0,1,0,1.0,0.0]],"4601.00000":[[78,1,12,16,0,24.0,0.0],[79,0,19,12,10,37.0,0.0]],"1086.00000":[[79,0,0,11,1,15.0,0.0],[78,0,0,13,0,20.0,0.0]],"45306.00000":[[79,0,1,1,0,28.0,0.0]],"369634.00000":[[79,0,1,1,0,1.0,0.0]],"1009.00000":[[79,0,0,1,0,7.0,0.0],[78,0,1,1,0,18.0,0.0]],"1025.00000":[[79,0,1,1,0,19.0,0.0],[78,0,3,0,3,4.0,0.0]],"6187.00000":[[78,0,4,4,0,4.0,0.0],[79,0,2,2,0,5.0,0.0]],"1296.00000":[[79,1,17,32,0,32.0,0.0],[78,0,13,30,0,30.0,0.0]],"4360.00000":[[79,0,0,0,1,8.0,0.0]],"1294.00000":[[79,0,2,2,0,2.0,0.0],[78,0,1,2,0,2.0,0.0]],"11230.00000":[[79,0,0,1,0,1.0,0.0],[78,0,0,1,0,2.0,0.0]],"11570.00000":[[79,0,0,1,0,4.0,0.0],[78,0,1,3,0,4.0,0.0]],"4563.00000":[[78,0,1,3,0,14.0,0.0],[79,0,4,4,1,7.0,0.0]],"1108.00000":[[78,0,12,15,0,29.0,0.0],[79,0,17,17,4,44.0,0.0]],"806641.00000":[[78,0,1,0,1,19.0,0.0]],"1027.00000":[[79,0,7,7,1,8.0,0.0],[77,0,5,6,0,30.0,0.0]],"17077.00000":[[78,1,1,4,0,16.0,0.0],[79,1,2,2,0,2.0,0.0]],"693415.00000":[[79,0,1,1,0,1.0,0.0],[78,0,1,1,0,1.0,0.0]],"1041.00000":[[79,0,0,24,0,56.0,0.0],[78,0,0,21,0,55.0,0.0]],"4564.00000":[[78,0,1,2,0,4.0,0.0],[79,0,2,2,0,6.0,0.0]],"874240.00000":[[78,0,0,1,0,1.0,0.0],[79,0,0,2,0,2.0,0.0]],"9541.00000":[[78,0,0,2,0,3.0,0.0]],"21211.00000":[[78,0,1,1,0,1.0,0.0],[79,0,1,1,0,3.0,0.0]],"9018.00000":[[79,0,0,2,0,2.0,0.0]],"8287.00000":[[79,0,0,2,0,5.0,0.0]],"63716.00000":[[78,1,2,2,0,6.0,0.0]],"1026.00000":[[78,0,3,3,0,3.0,0.0],[79,0,3,3,0,3.0,0.0]],"3902.00000":[[78,0,2,3,0,7.0,0.0]],"990.00000":[[78,0,0,3,0,3.0,0.0],[79,0,0,1,0,3.0,0.0]],"8689.00000":[[78,0,10,15,0,15.0,0.0],[79,0,10,12,0,20.0,0.0]],"4079.00000":[[78,0,2,2,0,2.0,0.0],[79,0,0,1,0,1.0,0.0]],"956524.00000":[[78,0,1,0,1,3.0,0.0]],"1068.00000":[[79,0,2,3,0,10.0,0.0]],"4597.00000":[[78,0,3,7,0,23.0,0.0],[79,0,2,1,1,3.0,0.0]],"19027.00000":[[79,0,5,5,1,20.0,0.0],[78,0,4,4,0,15.0,0.0]],"2610.00000":[[79,0,2,0,2,2.0,0.0]],"6188.00000":[[78,0,4,4,0,4.0,0.0],[79,0,3,3,0,5.0,0.0]],"16373.00000":[[79,0,0,1,2,3.0,0.0],[78,0,0,4,0,12.0,0.0]],"7463.00000":[[78,0,0,2,0,2.0,0.0]],"8284.00000":[[79,0,0,1,0,1.0,0.0],[78,0,0,1,0,2.0,0.0]],"211260.00000":[[79,0,6,5,1,8.0,0.0],[78,0,4,5,0,23.0,0.0]],"8533.00000":[[78,0,1,1,0,3.0,0.0],[79,0,1,1,0,5.0,0.0]],"7433.00000":[[79,0,4,5,0,8.0,0.0]],"1103.00000":[[79,0,2,2,0,7.0,0.0]],"6459.00000":[[78,0,0,3,0,4.0,0.0]],"4600.00000":[[78,0,2,1,1,7.0,0.0],[79,0,2,2,2,4.0,0.0]],"1051.00000":[[78,0,0,11,0,25.0,0.0],[79,0,0,16,3,25.0,0.0]],"6132.00000":[[79,0,5,5,0,22.0,0.0]],"1083.00000":[[79,0,1,1,0,3.0,0.0]],"1016.00000":[[78,0,3,6,0,6.0,0.0],[79,0,3,3,0,8.0,0.0]],"6760.00000":[[78,0,2,2,0,4.0,0.0],[79,0,2,3,0,4.0,0.0]],"2609.00000":[[79,0,2,3,0,7.0,0.0],[78,0,2,2,0,22.0,0.0]],"6472.00000":[[78,0,0,1,0,6.0,0.0]],"32331.00000":[[78,0,0,2,0,12.0,0.0]],"59626.00000":[[78,0,3,3,0,4.0,0.0],[79,0,4,4,0,4.0,0.0]],"25687.00000":[[79,0,1,1,0,2.0,0.0]],"16997.00000":[[79,0,0,2,1,4.0,0.0],[78,0,0,1,0,2.0,0.0]],"1121.00000":[[79,0,0,0,1,1.0,0.0],[78,0,0,8,0,25.0,0.0]],"854514.00000":[[78,0,2,2,0,2.0,0.0]],"6456.00000":[[79,0,0,2,0,3.0,0.0],[78,0,0,1,0,1.0,0.0]],"6473.00000":[[79,0,0,1,0,3.0,0.0],[78,0,0,1,0,1.0,0.0]],"12474.00000":[[79,0,0,1,0,3.0,0.0]],"44024.00000":[[78,0,0,1,0,2.0,0.0]],"5936.00000":[[79,0,0,1,0,3.0,0.0]],"3506.00000":[[78,0,1,1,0,10.0,0.0]],"1049.00000":[[79,0,2,1,1,6.0,0.0]],"99610.00000":[[78,0,2,2,0,10.0,0.0]],"1047.00000":[[78,0,2,2,0,3.0,0.0],[79,0,4,4,0,4.0,0.0]],"17076.00000":[[78,0,1,1,0,1.0,0.0]],"11351.00000":[[79,0,1,0,1,1.0,0.0],[78,0,1,2,0,2.0,0.0]],"1069.00000":[[79,0,3,3,0,3.0,0.0]],"5132.00000":[[79,0,0,1,0,3.0,0.0],[78,0,0,3,0,3.0,0.0]],"7388.00000":[[79,0,0,2,0,2.0,0.0]],"3967.00000":[[79,0,4,6,0,9.0,0.0]],"10664.00000":[[79,0,2,2,0,6.0,1.0]],"1066.00000":[[79,0,1,1,0,2.0,0.0],[78,0,2,2,0,2.0,0.0]],"1092.00000":[[79,0,0,2,1,3.0,0.0],[78,0,0,3,0,19.0,0.0]],"1023.00000":[[79,0,2,2,0,2.0,0.0]],"1289.00000":[[78,0,2,2,0,8.0,0.0]],"3383.00000":[[79,0,1,1,0,3.0,0.0]],"623987.00000":[[79,0,0,1,0,1.0,0.0]],"5804.00000":[[79,0,1,1,0,2.0,0.0]],"1101.00000":[[79,0,1,1,0,2.0,0.0],[78,0,1,1,0,1.0,0.0]],"6483.00000":[[79,0,1,1,0,4.0,0.0],[78,0,1,1,0,22.0,0.0]],"38914.00000":[[78,0,1,1,0,15.0,0.0],[79,0,3,3,0,37.0,0.0]],"4517.00000":[[78,0,1,1,0,2.0,0.0]],"10858.00000":[[78,0,0,1,0,2.0,0.0]],"1107.00000":[[79,0,2,1,2,3.0,0.0],[78,0,2,1,1,4.0,0.0]],"1288.00000":[[78,0,0,1,0,1.0,0.0]],"606130.00000":[[77,0,1,1,0,1.0,0.0]],"14812.00000":[[79,0,0,1,0,5.0,0.0]],"17040.00000":[[78,0,0,4,0,4.0,0.0]],"5449.00000":[[78,0,1,1,0,3.0,0.0]],"7811.00000":[[78,0,2,2,0,5.0,0.0]],"2116.00000":[[79,0,66,48,27,75.0,0.0],[78,0,59,75,0,75.0,0.0]],"1013.00000":[[79,0,5,3,2,5.0,0.0],[78,0,3,5,0,7.0,0.0]],"19646.00000":[[78,0,0,2,0,2.0,0.0]],"11054.00000":[[79,0,0,3,0,3.0,0.0]],"11559.00000":[[79,0,2,2,0,8.0,0.0],[78,0,2,2,0,10.0,0.0]],"5997.00000":[[79,0,1,1,0,3.0,0.0]],"1128.00000":[[79,0,1,1,0,5.0,0.0]],"20422.00000":[[79,0,3,3,0,26.0,0.0]],"665535.00000":[[79,0,1,1,0,4.0,0.0]],"60373.00000":[[78,0,0,1,0,2.0,0.0]],"3857.00000":[[78,0,1,1,0,3.0,0.0]],"1037.00000":[[77,0,1,1,0,1.0,0.0]],"4223.00000":[[77,0,1,1,0,1.0,0.0]],"8707.00000":[[78,0,1,2,0,2.0,0.0]],"8549.00000":[[79,0,0,1,0,2.0,0.0]],"9499.00000":[[79,0,0,3,0,16.0,0.0]],"11557.00000":[[79,0,1,2,0,3.0,0.0]],"6126.00000":[[77,0,2,2,0,2.0,0.0]],"8288.00000":[[79,0,0,1,0,4.0,0.0]]}}