{"items":{"1294.00000":[[70,0,1,1,0,7.0,6.0],[73,0,4,4,0,5.0,7.0],[72,1,10,7,8,15.0,6.0],[71,0,4,4,0,14.0,10.0]],"998.00000":[[72,0,4,1,3,4.0,3.0],[73,0,1,1,0,1.0,2.0]],"7821.00000":[[72,0,7,2,8,21.0,6.0],[73,0,7,4,5,12.0,6.0],[71,0,1,2,0,16.0,7.0]],"1121.00000":[[70,0,0,3,0,7.0,9.0],[71,0,0,0,1,15.0,14.0],[72,0,0,4,0,8.0,8.0],[73,0,0,7,0,7.0,7.0]],"16377.00000":[[72,0,2,3,0,5.0,3.0],[73,0,2,2,0,4.0,0.0],[71,0,0,1,0,4.0,3.0]],"5223.00000":[[72,0,1,1,0,3.0,2.0],[71,0,1,1,0,3.0,2.0],[73,0,1,1,0,1.0,1.0]],"4363.00000":[[72,0,1,1,0,6.0,0.0],[70,0,1,1,0,3.0,3.0],[73,0,2,3,0,5.0,0.0],[71,0,1,2,0,6.0,4.0]],"11816.00000":[[70,0,1,1,0,2.0,2.0],[72,0,2,2,0,2.0,2.0],[73,0,2,2,0,2.0,3.0],[71,0,5,5,0,5.0,3.0]],"1045.00000":[[73,0,0,1,0,4.0,3.0],[72,0,0,1,1,6.0,3.0],[71,0,0,1,0,5.0,3.0]],"3795.00000":[[72,0,0,3,12,39.0,15.0],[73,0,0,15,0,35.0,14.0],[70,0,0,2,0,11.0,10.0],[71,0,0,8,3,29.0,16.0]],"19901.00000":[[70,0,1,1,0,3.0,0.0],[71,0,2,3,0,5.0,4.0],[72,0,2,2,0,5.0,4.0],[73,0,2,3,0,5.0,2.0]],"4360.00000":[[73,0,2,2,0,5.0,3.0],[72,0,1,1,0,3.0,1.0]],"32330.00000":[[72,0,7,6,1,18.0,14.0],[71,0,6,6,0,15.0,12.0],[70,0,0,1,0,13.0,11.0],[73,1,7,9,0,13.0,9.0]],"3796.00000":[[70,0,2,2,0,11.0,8.0],[72,0,13,4,9,24.0,11.0],[73,0,6,3,4,16.0,10.0],[71,0,8,9,1,19.0,10.0]],"1092.00000":[[71,0,0,6,0,16.0,12.0],[70,0,0,4,0,10.0,9.0],[73,0,0,6,0,14.0,12.0],[72,0,0,14,0,14.0,14.0]],"2609.00000":[[71,0,1,1,0,11.0,5.0],[72,0,5,3,5,11.0,6.0],[73,0,2,3,0,5.0,5.0]],"1096.00000":[[71,0,3,3,0,4.0,3.0],[73,0,1,1,0,1.0,2.0],[72,0,4,4,0,4.0,3.0],[70,0,2,2,0,2.0,2.0]],"2969.00000":[[72,0,1,1,0,5.0,2.0],[73,0,1,2,0,4.0,2.0],[71,0,1,1,0,4.0,2.0]],"1128.00000":[[72,0,13,7,8,28.0,13.0],[71,0,10,15,0,31.0,14.0],[73,0,6,2,6,12.0,12.0]],"4601.00000":[[72,1,17,24,3,48.0,23.0],[70,0,2,3,0,34.0,21.0],[73,0,15,21,1,30.0,22.0],[71,1,15,31,0,55.0,23.0]],"34585.00000":[[73,0,2,2,0,3.0,0.0],[72,0,1,1,0,5.0,2.0]],"15024.00000":[[72,0,13,9,10,24.0,11.0],[73,0,4,5,0,5.0,7.0],[71,0,8,10,0,26.0,13.0],[70,0,1,2,0,13.0,13.0]],"1025.00000":[[73,0,1,1,0,2.0,2.0],[71,0,1,1,0,7.0,7.0],[72,0,2,2,0,3.0,4.0],[70,0,1,1,0,4.0,5.0]],"11581.00000":[[73,0,1,1,0,1.0,0.0],[71,0,3,3,0,5.0,5.0],[72,0,4,2,2,4.0,0.0]],"7388.00000":[[72,0,2,2,0,5.0,3.0],[71,0,1,1,0,5.0,0.0],[73,0,5,5,0,5.0,3.0]],"14877.00000":[[71,0,1,1,0,7.0,3.0],[72,0,1,0,1,5.0,2.0],[73,0,2,2,0,2.0,3.0]],"22716.00000":[[73,0,8,10,0,43.0,0.0],[70,0,1,2,0,23.0,0.0],[72,0,12,10,7,55.0,0.0],[71,0,4,6,0,46.0,0.0]],"9497.00000":[[71,0,0,2,0,2.0,0.0],[73,0,0,3,0,5.0,0.0],[72,0,0,3,0,6.0,5.0],[70,0,0,2,0,2.0,0.0]],"3941.00000":[[73,0,5,5,0,6.0,9.0],[72,0,14,9,9,18.0,9.0],[70,0,0,1,0,11.0,9.0],[71,0,10,12,0,21.0,11.0]],"990.00000":[[72,0,0,8,0,9.0,9.0],[70,0,0,4,0,13.0,11.0],[71,0,0,0,2,19.0,10.0],[73,0,0,5,0,5.0,6.0]],"4133.00000":[[70,1,1,5,0,5.0,9.0],[73,0,7,7,0,7.0,9.0],[71,0,3,4,0,4.0,4.0],[72,1,6,8,0,8.0,8.0]],"8707.00000":[[71,0,6,9,0,16.0,8.0],[70,0,1,2,0,10.0,8.0],[73,0,4,5,0,5.0,8.0],[72,0,7,3,8,14.0,8.0]],"993186.00000":[[72,0,3,3,0,4.0,0.0],[73,0,1,1,0,1.0,3.0],[71,0,1,1,0,3.0,0.0]],"11820.00000":[[72,0,1,0,1,2.0,4.0],[73,0,1,1,0,3.0,3.0]],"1289.00000":[[71,0,3,4,0,8.0,3.0],[72,0,4,3,3,6.0,3.0],[73,0,2,2,0,2.0,3.0]],"1037.00000":[[70,0,1,3,0,11.0,8.0],[71,0,4,4,0,17.0,8.0],[73,0,2,2,0,2.0,5.0],[72,0,10,7,5,14.0,6.0]],"997.00000":[[72,0,2,0,2,9.0,5.0],[70,0,2,4,0,4.0,5.0],[73,0,2,2,3,11.0,5.0]],"1095.00000":[[71,0,8,12,0,26.0,19.0],[73,0,9,11,0,11.0,14.0],[72,0,14,25,0,25.0,13.0],[70,0,2,4,0,13.0,11.0]],"1013.00000":[[72,0,10,5,9,22.0,10.0],[73,0,4,4,0,4.0,8.0],[71,0,8,12,0,26.0,12.0]],"7478.00000":[[72,0,2,0,3,10.0,6.0],[71,0,5,6,0,8.0,3.0],[73,0,3,6,0,9.0,5.0]],"17011.00000":[[70,0,1,2,0,2.0,0.0],[73,0,1,2,0,4.0,3.0]],"3942.00000":[[73,0,2,3,0,5.0,4.0],[72,0,7,2,5,8.0,4.0],[71,0,1,1,0,5.0,5.0]],"7471.00000":[[71,0,1,1,0,5.0,3.0],[73,0,4,4,0,4.0,0.0],[70,0,1,1,0,2.0,2.0]],"897435.00000":[[72,0,1,1,0,2.0,0.0],[71,0,1,1,0,4.0,0.0]],"1131.00000":[[71,1,5,5,0,8.0,4.0],[72,0,4,2,2,4.0,1.0],[73,0,1,1,0,1.0,2.0]],"5454.00000":[[71,0,2,3,0,6.0,3.0],[70,0,1,1,0,4.0,3.0],[72,0,3,3,1,4.0,2.0]],"15353.00000":[[73,0,0,3,0,5.0,5.0],[70,0,0,1,0,2.0,3.0]],"8719.00000":[[73,0,2,2,0,3.0,1.0]],"3967.00000":[[73,0,1,1,0,4.0,0.0],[72,1,2,2,1,3.0,4.0],[71,0,1,1,0,3.0,2.0]],"12474.00000":[[71,0,0,2,0,6.0,2.0],[72,0,0,2,0,10.0,4.0],[73,0,0,3,2,9.0,0.0]],"5132.00000":[[71,0,0,17,1,27.0,16.0],[70,0,0,7,0,17.0,16.0],[72,0,0,16,0,21.0,21.0],[73,0,0,11,0,19.0,17.0]],"14589.00000":[[73,0,1,1,0,6.0,3.0],[72,0,1,1,0,3.0,2.0]],"4597.00000":[[71,0,5,6,0,14.0,9.0],[73,0,10,9,2,16.0,8.0],[70,0,1,1,0,7.0,8.0],[72,0,5,9,2,19.0,11.0]],"2116.00000":[[72,0,21,7,18,39.0,23.0],[71,0,25,32,0,40.0,23.0],[70,0,6,11,0,26.0,22.0],[73,0,16,10,8,25.0,21.0]],"77332.00000":[[72,0,1,2,2,6.0,0.0]],"7809.00000":[[72,0,5,2,4,6.0,0.0],[71,0,1,2,0,4.0,0.0],[73,0,2,2,0,3.0,0.0],[70,0,0,1,0,3.0,0.0]],"925580.00000":[[71,0,0,1,0,2.0,0.0],[73,0,0,1,1,3.0,0.0]],"7458.00000":[[71,0,6,8,0,10.0,0.0],[72,0,6,1,5,13.0,0.0],[70,0,1,1,0,5.0,0.0],[73,0,8,9,0,15.0,0.0]],"218351.00000":[[72,0,2,2,0,2.0,0.0],[73,0,2,2,0,2.0,0.0],[71,0,3,3,0,3.0,0.0]],"6483.00000":[[73,0,5,6,0,16.0,10.0],[72,0,6,4,2,18.0,10.0],[70,0,1,1,0,10.0,8.0],[71,0,6,7,2,19.0,10.0]],"3943.00000":[[71,0,2,4,0,25.0,12.0],[70,0,1,2,0,7.0,11.0],[72,0,7,7,5,42.0,16.0],[73,0,10,10,13,38.0,10.0]],"1066.00000":[[71,0,10,10,0,22.0,11.0],[73,0,8,8,1,11.0,9.0],[72,0,10,7,6,21.0,10.0]],"5948.00000":[[73,0,3,3,0,3.0,3.0],[71,0,2,2,0,2.0,3.0],[70,0,1,4,0,4.0,4.0],[72,0,0,2,0,4.0,4.0]],"8688.00000":[[71,0,1,0,2,9.0,4.0],[73,0,1,1,0,3.0,3.0],[72,0,3,0,3,5.0,3.0]],"3508.00000":[[73,0,3,3,0,3.0,2.0],[72,0,2,2,2,7.0,2.0],[71,0,1,1,0,6.0,3.0]],"1047.00000":[[71,0,8,12,0,25.0,12.0],[70,0,1,1,0,13.0,11.0],[72,0,8,4,13,23.0,10.0],[73,0,2,2,0,11.0,13.0]],"63716.00000":[[72,0,1,1,0,5.0,3.0],[71,0,0,1,0,7.0,4.0],[70,0,1,1,0,4.0,3.0],[73,0,2,0,2,3.0,0.0]],"7433.00000":[[72,1,5,6,1,13.0,6.0],[73,0,4,4,0,8.0,5.0],[71,0,2,2,0,12.0,6.0]],"8689.00000":[[73,0,4,5,0,6.0,22.0],[70,0,2,4,0,14.0,12.0],[72,0,13,10,7,25.0,8.0],[71,0,3,10,2,24.0,14.0]],"5796.00000":[[73,0,1,1,0,3.0,2.0],[71,0,1,1,0,3.0,2.0],[72,0,1,2,0,3.0,4.0]],"10664.00000":[[71,0,2,2,0,4.0,4.0],[70,0,2,2,0,4.0,4.0],[73,0,5,4,1,7.0,4.0],[72,0,1,2,1,6.0,4.0]],"1069.00000":[[72,0,5,5,0,8.0,5.0],[71,0,4,8,0,11.0,5.0],[73,0,3,3,0,3.0,3.0]],"1288.00000":[[72,0,0,5,0,5.0,5.0],[71,0,0,1,1,6.0,4.0],[73,0,0,4,0,5.0,5.0],[70,0,0,2,0,4.0,4.0]],"99610.00000":[[71,0,0,1,0,2.0,2.0],[72,0,1,1,0,2.0,2.0],[73,0,1,1,0,2.0,0.0]],"10901.00000":[[73,0,1,1,0,4.0,3.0],[70,0,1,1,0,1.0,1.0]],"5795.00000":[[73,0,2,2,0,2.0,2.0],[71,0,3,3,0,6.0,2.0],[72,0,4,4,0,5.0,3.0]],"27568.00000":[[72,0,0,4,0,4.0,3.0],[73,0,0,2,0,2.0,0.0]],"5949.00000":[[70,0,2,2,0,4.0,4.0],[73,0,3,3,0,4.0,4.0],[72,0,3,3,0,4.0,4.0]],"3507.00000":[[73,0,1,1,0,4.0,2.0],[71,0,2,2,0,4.0,0.0]],"1083.00000":[[73,0,3,2,1,7.0,1.0]],"1068.00000":[[71,0,4,4,0,16.0,8.0],[72,0,7,2,6,22.0,8.0],[70,0,2,2,0,9.0,7.0],[73,0,6,8,0,16.0,6.0]],"956524.00000":[[71,0,1,1,0,4.0,2.0],[73,0,1,1,0,3.0,1.0],[72,0,1,1,0,5.0,2.0]],"20422.00000":[[73,0,6,7,2,25.0,10.0],[71,0,1,1,0,25.0,11.0],[72,0,11,9,5,36.0,10.0]],"1027.00000":[[71,0,6,3,4,16.0,11.0],[72,0,9,7,5,17.0,9.0],[70,0,1,4,0,7.0,6.0],[73,0,6,2,6,8.0,9.0]],"19027.00000":[[72,0,9,10,1,27.0,14.0],[70,0,1,2,0,14.0,13.0],[73,0,6,8,0,26.0,14.0],[71,0,8,12,1,23.0,11.0]],"5733.00000":[[71,0,9,11,2,16.0,11.0],[72,0,10,8,4,14.0,10.0],[73,0,7,4,4,8.0,9.0],[70,0,3,4,0,15.0,12.0]],"1296.00000":[[73,0,1,3,0,3.0,7.0],[70,0,2,3,0,6.0,5.0],[71,0,7,11,1,13.0,8.0],[72,0,4,10,0,10.0,7.0]],"38914.00000":[[71,0,2,2,0,4.0,2.0],[73,0,1,1,0,2.0,0.0],[72,0,2,2,0,4.0,2.0]],"19903.00000":[[71,0,0,1,0,1.0,0.0]],"1007.00000":[[73,0,20,28,0,59.0,0.0],[71,1,8,13,0,67.0,0.0],[70,0,5,7,0,29.0,0.0],[72,0,15,8,7,50.0,0.0]],"45306.00000":[[73,0,6,6,0,13.0,4.0],[72,0,1,3,0,15.0,4.0],[71,0,1,1,0,11.0,4.0]],"11821.00000":[[71,0,2,2,0,3.0,2.0],[73,0,2,3,0,4.0,0.0],[72,0,1,1,0,4.0,3.0]],"1101.00000":[[71,0,1,1,0,10.0,3.0],[73,0,3,4,0,6.0,0.0],[72,0,5,2,3,11.0,4.0],[70,0,1,1,0,5.0,4.0]],