{"items":{"18880.00000":[[72,0,1,1,0,1.0,1.0]],"99610.00000":[[72,0,1,1,0,1.0,1.0]],"19027.00000":[[72,0,20,24,0,43.0,19.0],[73,0,17,13,6,48.0,24.0]],"18544.00000":[[72,0,2,2,0,8.0,3.0],[73,0,0,1,0,2.0,0.0]],"339799.00000":[[73,0,0,1,0,5.0,0.0]],"5454.00000":[[72,0,1,1,0,1.0,3.0],[73,0,1,1,0,2.0,3.0],[71,0,1,1,0,2.0,2.0]],"800076.00000":[[72,0,0,1,0,1.0,1.0]],"6483.00000":[[73,0,12,8,7,25.0,13.0],[71,0,3,3,0,9.0,9.0],[72,0,8,10,0,20.0,11.0]],"1113.00000":[[72,0,10,10,2,28.0,9.0],[73,0,9,13,0,17.0,3.0],[71,0,1,1,0,12.0,8.0]],"175981.00000":[[72,0,3,4,0,4.0,0.0],[73,0,2,4,0,4.0,0.0],[71,0,2,4,0,4.0,0.0]],"16377.00000":[[72,0,3,3,0,4.0,0.0],[71,0,1,1,0,2.0,0.0],[73,0,1,1,0,1.0,0.0]],"1296.00000":[[72,0,5,11,0,22.0,7.0],[73,0,7,1,8,32.0,8.0],[71,0,2,4,0,19.0,15.0]],"1292.00000":[[71,0,0,1,0,8.0,8.0],[72,0,0,1,0,9.0,3.0]],"8478.00000":[[72,0,0,3,0,3.0,3.0],[71,0,0,3,0,3.0,4.0],[73,0,0,3,0,3.0,3.0]],"7821.00000":[[72,0,4,6,0,13.0,7.0],[71,0,4,5,0,6.0,5.0],[73,0,2,1,1,9.0,3.0]],"1068.00000":[[71,0,4,4,0,21.0,18.0],[73,2,12,3,11,39.0,14.0],[72,0,8,9,0,31.0,10.0]],"4363.00000":[[73,0,2,2,0,6.0,0.0],[72,0,1,1,0,5.0,0.0]],"7458.00000":[[72,0,5,2,4,15.0,0.0],[73,0,4,3,1,17.0,0.0]],"990.00000":[[73,0,0,4,0,4.0,4.0],[72,0,0,5,0,5.0,5.0],[71,0,0,4,0,25.0,6.0]],"8438.00000":[[72,0,1,2,0,2.0,0.0],[73,0,0,1,0,2.0,0.0],[71,0,0,2,0,2.0,0.0]],"20763.00000":[[73,0,4,4,0,4.0,3.0],[71,1,1,2,0,2.0,0.0],[72,0,6,6,0,6.0,0.0]],"12677.00000":[[72,0,4,4,3,7.0,0.0]],"5930.00000":[[72,0,4,3,0,3.0,3.0],[73,0,2,3,0,3.0,3.0],[71,1,2,2,0,2.0,2.0]],"1069.00000":[[72,0,2,4,0,6.0,4.0],[73,0,2,1,1,8.0,5.0],[71,0,1,2,0,3.0,3.0]],"1106.00000":[[73,0,2,3,1,6.0,0.0]],"10471.00000":[[71,0,0,1,0,1.0,2.0]],"2116.00000":[[72,0,43,22,26,94.0,42.0],[71,0,12,15,0,65.0,49.0],[73,0,40,17,38,70.0,38.0]],"1086.00000":[[72,0,0,18,16,34.0,19.0],[73,0,0,19,0,19.0,19.0],[71,0,0,6,0,19.0,19.0]],"3941.00000":[[72,0,9,11,1,33.0,15.0],[71,0,1,1,0,12.0,10.0],[73,0,13,22,0,30.0,8.0]],"19806.00000":[[73,0,1,2,0,2.0,0.0],[72,0,1,2,1,3.0,0.0]],"222707.00000":[[72,0,0,1,0,4.0,0.0]],"1074.00000":[[72,0,15,13,4,45.0,19.0],[71,0,3,3,0,17.0,17.0],[73,0,14,8,9,44.0,16.0]],"3380.00000":[[73,0,2,2,0,3.0,0.0],[72,0,1,1,0,2.0,1.0],[71,0,2,2,0,3.0,0.0]],"1036.00000":[[71,0,2,4,0,12.0,15.0],[72,0,11,12,0,23.0,12.0],[73,0,9,8,3,23.0,15.0]],"572726.00000":[[73,0,0,3,0,3.0,0.0],[71,0,0,4,0,7.0,5.0],[72,0,0,2,1,5.0,3.0]],"1083.00000":[[73,0,2,1,1,5.0,2.0]],"11816.00000":[[71,0,1,1,0,4.0,4.0],[72,0,5,4,1,5.0,2.0]],"3857.00000":[[73,0,3,3,0,3.0,0.0]],"1116.00000":[[72,0,1,1,0,3.0,1.0],[73,0,2,2,0,2.0,2.0]],"197437.00000":[[72,0,1,0,1,2.0,0.0]],"19901.00000":[[72,0,4,5,0,6.0,5.0],[73,0,2,2,0,2.0,2.0],[71,0,0,1,0,1.0,1.0]],"1092.00000":[[72,0,0,25,0,25.0,19.0],[71,0,0,13,0,25.0,16.0],[73,0,0,20,0,25.0,17.0]],"1007.00000":[[71,0,4,4,0,20.0,0.0],[72,0,8,13,0,36.0,0.0],[73,0,14,18,11,32.0,0.0]],"4601.00000":[[72,0,23,13,20,43.0,20.0],[71,0,4,4,0,22.0,19.0],[73,0,15,15,1,25.0,18.0]],"4599.00000":[[73,0,25,38,0,45.0,24.0],[72,0,21,34,1,53.0,22.0],[71,0,1,5,0,31.0,27.0]],"1016.00000":[[73,0,10,3,8,37.0,11.0],[72,0,5,6,0,31.0,13.0]],"1013.00000":[[73,0,13,13,0,23.0,9.0],[72,0,7,7,0,23.0,9.0],[71,0,1,1,0,11.0,10.0]],"1107.00000":[[71,0,2,2,0,2.0,2.0]],"1025.00000":[[72,0,1,1,0,1.0,0.0],[73,0,1,1,0,1.0,0.0]],"4068.00000":[[72,0,0,1,0,2.0,0.0]],"1082.00000":[[73,0,6,7,0,7.0,7.0],[71,0,2,2,0,9.0,8.0],[72,0,7,4,7,14.0,6.0]],"1108.00000":[[72,0,11,11,0,41.0,18.0],[73,1,16,1,15,47.0,15.0],[71,0,2,2,0,18.0,18.0]],"1037.00000":[[72,0,6,6,0,12.0,9.0],[73,0,6,3,4,11.0,5.0]],"1005.00000":[[72,0,12,18,3,36.0,0.0],[73,0,7,8,0,26.0,0.0],[71,0,2,2,0,21.0,0.0]],"1128.00000":[[73,1,18,17,9,26.0,19.0],[71,0,2,2,0,26.0,20.0],[72,1,18,24,3,44.0,19.0]],"7433.00000":[[71,0,2,2,0,15.0,14.0],[72,0,9,14,3,21.0,8.0],[73,0,5,9,1,10.0,7.0]],"527834.00000":[[73,0,1,1,0,2.0,2.0],[72,0,2,2,0,2.0,2.0]],"15043.00000":[[72,0,0,1,0,1.0,1.0]],"3967.00000":[[71,0,1,1,0,4.0,4.0],[72,0,3,3,0,3.0,5.0]],"1049.00000":[[72,0,3,5,0,20.0,9.0],[73,0,3,4,0,18.0,4.0],[71,0,1,1,0,7.0,7.0]],"4133.00000":[[72,0,7,7,0,7.0,11.0]],"8536.00000":[[72,0,0,7,0,10.0,4.0],[73,0,0,4,0,13.0,8.0],[71,0,0,2,0,8.0,7.0]],"15353.00000":[[73,0,0,6,0,7.0,8.0],[72,0,0,7,0,7.0,8.0],[71,0,0,6,0,6.0,7.0]],"3508.00000":[[72,0,2,2,0,2.0,2.0],[73,0,1,1,0,1.0,1.0]],"1051.00000":[[71,0,0,24,0,15.0,21.0],[73,0,0,18,0,18.0,19.0],[72,0,0,30,0,30.0,18.0]],"1131.00000":[[71,1,5,6,0,7.0,7.0],[72,0,8,7,1,11.0,7.0],[73,0,5,3,3,6.0,5.0]],"5948.00000":[[73,0,1,1,0,1.0,0.0],[72,0,1,1,0,2.0,2.0]],"22716.00000":[[72,0,1,1,0,11.0,0.0],[73,0,2,4,0,13.0,0.0]],"5452.00000":[[72,0,0,1,0,1.0,1.0],[71,0,0,1,0,1.0,2.0]],"3505.00000":[[72,0,0,1,0,1.0,1.0],[73,0,1,1,0,1.0,2.0]],"9499.00000":[[73,0,0,1,1,5.0,0.0],[72,0,0,0,1,4.0,0.0]],"1009.00000":[[73,0,11,13,0,28.0,11.0],[72,0,5,7,0,21.0,11.0],[71,0,1,2,0,9.0,8.0]],"12683.00000":[[72,0,16,21,0,21.0,19.0],[73,0,13,16,0,17.0,19.0],[71,0,3,3,0,3.0,20.0]],"2610.00000":[[73,0,4,5,0,5.0,5.0],[72,0,5,8,0,9.0,6.0],[71,0,1,1,0,2.0,3.0]],"11565.00000":[[71,0,1,1,0,2.0,0.0],[73,0,2,2,0,2.0,0.0],[72,0,2,2,0,2.0,0.0]],"27568.00000":[[71,0,0,1,0,1.0,2.0],[73,0,0,2,0,2.0,0.0],[72,0,0,2,0,2.0,0.0]],"4362.00000":[[73,0,1,1,0,1.0,0.0],[72,0,1,1,0,2.0,1.0]],"63716.00000":[[72,0,2,2,0,2.0,0.0]],"4070.00000":[[72,0,1,2,0,2.0,0.0],[73,0,3,4,0,4.0,0.0]],"6476.00000":[[72,0,0,0,1,1.0,1.0]],"8688.00000":[[72,0,3,1,3,8.0,5.0],[71,0,2,2,0,4.0,3.0],[73,0,2,2,1,3.0,2.0]],"1041.00000":[[71,0,0,7,0,38.0,27.0],[73,0,0,34,1,40.0,22.0],[72,0,0,26,1,60.0,25.0]],"15038.00000":[[72,0,0,8,0,8.0,8.0],[71,0,0,7,0,8.0,8.0],[73,0,0,6,0,6.0,8.0]],"5339.00000":[[73,0,0,1,0,1.0,0.0],[71,0,0,1,0,1.0,0.0]],"15024.00000":[[71,0,4,8,0,15.0,18.0],[73,0,14,21,0,21.0,19.0],[72,0,17,26,1,27.0,19.0]],"4597.00000":[[71,0,1,2,0,2.0,20.0],[73,0,13,20,0,20.0,19.0],[72,0,8,12,0,12.0,19.0]],"2969.00000":[[73,0,2,1,1,8.0,5.0],[72,0,3,4,1,13.0,4.0]],"1047.00000":[[71,0,1,1,0,11.0,10.0],[73,0,11,3,10,13.0,8.0],[72,0,11,12,3,20.0,9.0]],"17011.00000":[[72,0,1,1,0,2.0,0.0],[73,0,2,2,0,4.0,6.0]],"1027.00000":[[71,0,2,2,0,17.0,13.0],[73,0,8,9,0,32.0,12.0],[72,0,12,15,1,34.0,16.0]],"778072.00000":[[72,0,0,0,2,2.0,0.0]],"4600.00000":[[73,0,1,2,0,2.0,3.0],[72,0,2,3,0,3.0,2.0]],"8547.00000":[[72,0,1,1,0,5.0,5.0],[71,0,2,2,0,2.0,0.0],[73,0,3,3,2,6.0,0.0]],"8284.00000":[[73,0,0,0,4,4.0,0.0]],"1121.00000":[[71,0,0,6,0,16.0,19.0],[72,0,0,8,0,10.0,11.0],[73,0,0,10,0,10.0,11.0]],"1095.00000":[[73,0,16,19,0,19.0,19.0],[72,1,9,13,0,13.0,16.0],[71,0,7,9,0,9.0,25.0]],"34585.00000":[[71,0,1,1,0,3.0,2.0],[73,0,1,1,0,5.0,0.0]],"20422.00000":[[71,0,4,5,0,8.0,13.0],[73,0,10,11,0,17.0,12.0],[72,0,12,13,0,18.0,15.0]],"1079.00000":[[73,0,1,1,0,2.0,2.0],[72,0,4,4,0,4.0,1.0]],"331606.00000":[[73,0,0,1,1,3.0,0.0],[72,0,0,2,0,3.0,0.0]],"10664.00000":[[72,0,10,8,7,23.0,38.0],[71,0,6,9,0,17.0,38.0],[73,0,16,3,17,43.0,38.0]],"1103.00000":[[73,0,3,2,1,3.0,0.0],[71,0,0,1,0,5.0,3.0],[72,0,3,3,0,5.0,2.0]],"993.00000":[[73,0,0,1,0,1.0,0.0],[72,0,0,1,0,1.0,0.0],[71,0,0,2,0,2.0,0.0]],"5132.00000":[[73,0,0,14,0,20.0,17.0],[72,0,0,13,0,19.0,17.0]],"6891.00000":[[72,0,2,2,0,2.0,2.0],[73,0,0,1,0,2.0,2.0]],"1137.00000":[[73,0,1,1,0,6.0,0.0]],"11821.00000":[[71,0,1,1,0,1.0,0.0],[73,0,3,3,0,6.0,0.0]],"18885.00000":[[72,0,1,0,1,7.0,4.0]],"1289.00000":[[73,0,10,7,7,14.0,6.0],[72,0,8,7,2,16.0,6.0],[71,0,1,1,0,9.0,7.0]],"17075.00000":[[72,0,1,1,0,1.0,0.0]],"7388.00000":[[73,0,2,2,0,2.0,1.0],[71,0,1,1,0,1.0,1.0],[72,0,1,1,0,2.0,1.0]],"3943.00000":[[73,0,4,0,4,18.0,4.0]],"1294.00000":[[72,0,10,10,0,10.0,10.0],[73,0,8,10,0,10.0,10.0],[71,0,1,1,0,7.0,10.0]],"11230.00000":[[71,0,0,1,0,3.0,0.0]],"3384.00000":[[71,0,2,3,0,3.0,0.0],[72,0,1,1,0,1.0,1.0]],"5456.00000":[[72,0,0,1,0,1.0,2.0]],"24381.00000":[[73,0,4,4,0,5.0,3.0],[72,0,3,2,1,8.0,3.0]],"997.00000":[[73,1,6,0,8,16.0,8.0],[72,0,2,0,2,9.0,4.0],[71,0,1,1,0,4.0,4.0]],"7816.00000":[[72,0,1,1,0,14.0,4.0],[73,0,5,5,1,15.0,3.0]],"5795.00000":[[73,0,1,1,0,1.0,1.0],[72,0,1,1,0,2.0,1.0]],