{"items":{"5949.00000":[[79,0,1,1,0,2.0,0.0]],"1056.00000":[[78,0,1,1,0,7.0,2.0],[79,0,3,1,3,5.0,1.0]],"5913.00000":[[77,0,0,1,0,1.0,0.0]],"3942.00000":[[77,0,1,1,0,6.0,1.0],[79,0,3,3,0,3.0,2.0]],"1296.00000":[[77,0,2,1,3,14.0,3.0],[78,0,4,1,9,17.0,4.0]],"1007.00000":[[78,0,1,0,1,8.0,6.0],[79,1,4,0,4,7.0,5.0],[77,0,2,2,0,5.0,4.0]],"1005.00000":[[79,0,4,6,0,8.0,5.0],[77,0,3,5,0,9.0,5.0]],"11565.00000":[[78,0,2,2,0,21.0,11.0],[77,0,4,6,0,18.0,10.0],[79,0,7,11,0,14.0,8.0]],"19380.00000":[[77,0,1,1,0,1.0,0.0]],"1095.00000":[[77,0,2,4,0,4.0,9.0],[76,0,2,4,0,4.0,4.0],[79,0,5,4,2,15.0,12.0],[78,0,3,5,0,9.0,10.0]],"4600.00000":[[79,0,4,4,1,8.0,3.0],[77,0,5,6,0,6.0,2.0]],"5803.00000":[[79,0,0,1,0,1.0,1.0]],"4231.00000":[[79,0,2,2,0,2.0,2.0],[76,0,1,2,0,2.0,2.0]],"4083.00000":[[78,0,1,0,1,6.0,0.0]],"4233.00000":[[76,0,1,2,0,2.0,0.0],[77,0,1,1,0,2.0,0.0],[79,0,1,1,0,2.0,0.0]],"1113.00000":[[77,0,4,5,0,5.0,4.0],[79,0,3,4,0,8.0,3.0],[78,0,1,2,0,6.0,6.0],[76,0,1,1,0,6.0,5.0]],"10471.00000":[[78,0,0,1,0,1.0,1.0],[79,0,0,1,0,2.0,0.0]],"4223.00000":[[78,0,1,1,0,1.0,1.0]],"1074.00000":[[76,0,1,1,0,13.0,11.0],[79,0,7,8,3,19.0,7.0],[77,0,4,4,0,22.0,10.0],[78,0,4,8,4,27.0,9.0]],"2610.00000":[[76,0,1,1,0,4.0,3.0],[77,0,1,3,0,4.0,1.0],[79,0,2,3,0,7.0,2.0]],"1068.00000":[[76,0,1,3,0,6.0,5.0],[79,0,5,2,8,10.0,3.0],[78,0,1,2,0,11.0,5.0],[77,0,1,1,0,9.0,6.0]],"4597.00000":[[78,0,4,2,3,10.0,9.0],[79,0,4,7,0,11.0,10.0],[76,0,1,2,0,6.0,6.0],[77,0,3,6,1,10.0,8.0]],"1106.00000":[[76,0,1,1,0,1.0,0.0],[79,0,6,16,4,30.0,0.0]],"3943.00000":[[79,0,0,0,1,7.0,0.0]],"3796.00000":[[79,0,6,6,0,12.0,4.0],[77,0,2,2,0,12.0,3.0],[76,0,1,1,0,12.0,10.0],[78,0,3,3,0,18.0,8.0]],"3795.00000":[[77,0,0,4,0,26.0,9.0],[76,0,0,2,0,20.0,17.0],[78,0,0,14,4,40.0,13.0],[79,0,0,2,7,28.0,13.0]],"7821.00000":[[79,0,3,3,1,10.0,3.0],[77,0,0,1,0,8.0,4.0],[78,0,1,1,0,11.0,4.0]],"5132.00000":[[77,0,0,5,0,9.0,9.0],[79,0,0,5,0,11.0,11.0],[78,0,0,3,0,12.0,11.0]],"1027.00000":[[78,0,2,2,0,10.0,6.0],[79,0,1,1,0,11.0,3.0],[77,0,2,2,0,10.0,3.0]],"4362.00000":[[77,0,1,1,0,3.0,0.0],[79,0,1,1,1,3.0,0.0]],"1049.00000":[[78,0,1,0,4,10.0,4.0],[79,0,4,4,2,11.0,6.0],[77,0,2,3,0,9.0,4.0]],"2116.00000":[[78,0,7,5,3,60.0,20.0],[77,0,12,15,0,56.0,20.0],[76,0,3,3,0,39.0,32.0],[79,0,15,12,15,59.0,19.0]],"4070.00000":[[79,0,1,2,0,2.0,2.0],[76,0,1,1,0,1.0,1.0]],"5936.00000":[[79,0,0,1,0,2.0,0.0],[77,0,0,1,0,2.0,0.0]],"1013.00000":[[76,0,2,2,0,6.0,7.0],[77,0,3,2,2,9.0,6.0],[79,0,3,5,1,10.0,5.0]],"63716.00000":[[77,0,2,2,0,4.0,0.0],[79,0,3,2,1,4.0,0.0]],"9497.00000":[[76,0,0,1,0,1.0,1.0],[78,0,0,1,0,2.0,2.0],[79,0,0,2,0,2.0,2.0]],"1051.00000":[[79,0,0,19,0,19.0,17.0],[77,0,0,18,0,17.0,17.0],[76,0,0,10,0,6.0,14.0],[78,0,0,4,0,18.0,18.0]],"10664.00000":[[77,0,3,2,2,4.0,5.0],[79,0,1,1,0,2.0,2.0]],"12474.00000":[[76,0,0,1,0,6.0,2.0],[78,0,0,0,3,12.0,3.0],[77,0,0,2,0,9.0,1.0]],"11581.00000":[[77,0,1,1,0,1.0,1.0],[79,0,1,1,0,1.0,0.0]],"1284.00000":[[79,0,12,9,4,26.0,18.0],[78,0,6,12,0,24.0,15.0],[77,0,10,14,0,27.0,19.0],[76,0,5,7,0,17.0,18.0]],"12683.00000":[[79,0,6,5,4,9.0,8.0],[77,0,5,6,1,16.0,7.0]],"1041.00000":[[79,0,0,5,11,32.0,10.0],[77,0,0,12,0,33.0,15.0],[78,0,0,2,0,31.0,19.0],[76,0,0,1,0,20.0,19.0]],"52733.00000":[[76,0,0,1,0,1.0,1.0],[78,0,0,2,0,2.0,2.0],[79,0,0,2,0,2.0,2.0]],"1079.00000":[[77,0,1,1,0,3.0,1.0]],"1096.00000":[[79,0,5,1,5,12.0,4.0],[78,0,1,1,0,7.0,3.0],[77,0,2,2,0,6.0,5.0]],"4068.00000":[[79,0,1,1,0,1.0,1.0],[76,0,1,1,0,2.0,0.0]],"27568.00000":[[76,0,0,1,0,1.0,0.0],[78,0,0,1,0,1.0,1.0],[79,0,0,1,0,1.0,1.0]],"3941.00000":[[78,0,4,4,0,7.0,5.0],[79,0,3,3,0,8.0,7.0],[77,0,3,4,0,8.0,5.0],[76,0,1,1,0,5.0,4.0]],"1045.00000":[[77,0,0,1,2,3.0,1.0],[79,0,0,1,1,5.0,2.0]],"9498.00000":[[76,0,0,1,0,1.0,0.0],[79,0,0,1,0,1.0,1.0]],"4213.00000":[[78,0,1,0,1,5.0,0.0],[79,0,1,0,1,5.0,0.0],[77,0,1,1,0,4.0,0.0]],"5454.00000":[[79,0,2,2,1,3.0,1.0],[78,0,1,1,1,4.0,0.0],[77,0,1,1,0,3.0,0.0]],"8547.00000":[[77,0,1,0,1,2.0,2.0],[78,0,1,1,0,2.0,2.0],[79,0,2,1,2,3.0,2.0]],"7040.00000":[[79,0,0,2,0,2.0,2.0],[78,0,0,1,0,2.0,2.0],[76,0,0,2,0,2.0,2.0],[77,0,0,1,0,2.0,2.0]],"7388.00000":[[79,0,2,2,0,2.0,1.0],[77,0,1,0,1,6.0,2.0]],"7044.00000":[[79,0,1,1,0,1.0,2.0],[77,0,2,2,0,6.0,1.0]],"997.00000":[[77,0,1,1,0,9.0,2.0],[78,0,1,4,1,19.0,4.0],[79,0,3,3,1,14.0,1.0]],"1036.00000":[[78,0,3,3,0,12.0,13.0],[77,0,2,2,0,6.0,12.0],[79,0,9,1,12,23.0,7.0],[76,0,1,1,0,7.0,12.0]],"1092.00000":[[76,0,0,2,0,5.0,5.0],[77,0,0,7,0,12.0,11.0],[79,0,0,7,0,9.0,9.0],[78,0,0,3,0,13.0,11.0]],"8688.00000":[[77,0,1,2,1,3.0,1.0],[79,0,3,4,0,4.0,0.0]],"7433.00000":[[77,0,2,2,1,6.0,3.0],[79,0,1,1,0,2.0,2.0]],"1025.00000":[[77,0,1,2,0,2.0,4.0],[79,0,2,2,0,2.0,5.0],[78,0,1,1,0,2.0,3.0],[76,0,1,1,0,1.0,1.0]],"1107.00000":[[78,0,1,1,0,1.0,0.0]],"1128.00000":[[79,0,2,2,0,2.0,14.0],[76,0,2,3,0,10.0,8.0],[78,0,1,1,0,4.0,4.0],[77,0,4,6,2,11.0,5.0]],"8689.00000":[[77,0,3,4,3,9.0,4.0],[79,0,2,3,0,3.0,4.0],[78,0,1,1,0,5.0,3.0]],"1103.00000":[[79,0,1,1,0,1.0,0.0],[77,0,1,1,0,1.0,1.0]],"5800.00000":[[79,1,1,3,0,3.0,0.0]],"7475.00000":[[78,0,0,2,0,4.0,0.0],[79,0,0,0,1,4.0,0.0]],"45306.00000":[[79,0,2,1,1,11.0,4.0],[77,0,2,2,0,6.0,2.0],[78,0,1,1,0,6.0,2.0]],"5948.00000":[[77,0,1,1,0,2.0,0.0],[76,0,1,1,0,2.0,0.0],[79,0,1,1,0,2.0,0.0]],"17011.00000":[[77,0,1,1,0,1.0,1.0]],"1108.00000":[[76,0,2,2,0,12.0,10.0],[79,0,7,3,6,22.0,12.0],[78,0,5,3,7,24.0,7.0],[77,0,4,4,0,22.0,11.0]],"1066.00000":[[77,0,4,5,1,11.0,6.0],[79,0,10,11,1,15.0,3.0]],"7459.00000":[[79,0,0,1,0,4.0,0.0]],"8707.00000":[[79,0,1,1,1,2.0,1.0],[78,0,1,1,1,3.0,1.0],[76,0,1,1,0,1.0,1.0]],"5798.00000":[[76,0,0,1,0,1.0,1.0],[78,0,0,6,0,6.0,5.0],[79,0,0,3,0,3.0,3.0],[77,0,0,2,0,2.0,2.0]],"1101.00000":[[77,0,1,1,0,1.0,1.0],[79,0,1,1,0,3.0,3.0],[76,0,1,1,0,1.0,1.0]],"3387.00000":[[79,0,1,1,0,2.0,0.0],[76,0,2,2,0,2.0,0.0]],"8438.00000":[[76,0,1,2,0,2.0,0.0]],"4360.00000":[[79,0,2,2,0,2.0,2.0],[78,0,1,1,1,2.0,1.0]],"7470.00000":[[76,0,0,1,0,1.0,1.0],[78,0,0,0,1,8.0,4.0],[79,0,0,1,0,7.0,0.0]],"5733.00000":[[76,0,2,7,0,9.0,8.0],[79,1,1,5,0,7.0,10.0],[77,0,6,0,7,9.0,8.0],[78,0,1,0,2,9.0,11.0]],"3508.00000":[[77,0,1,1,0,1.0,1.0]],"9499.00000":[[76,0,0,1,0,2.0,0.0]],"15353.00000":[[78,0,0,4,0,4.0,4.0],[76,0,0,2,0,2.0,2.0],[77,0,0,1,0,5.0,5.0],[79,0,0,3,0,4.0,4.0]],"1121.00000":[[77,0,0,7,0,7.0,7.0],[78,0,0,1,0,7.0,6.0],[76,0,0,5,0,10.0,9.0],[79,0,0,8,0,8.0,8.0]],"1016.00000":[[79,0,3,1,2,3.0,3.0],[77,0,2,2,0,6.0,2.0],[76,0,1,1,0,5.0,4.0],[78,0,2,1,1,4.0,1.0]],"1009.00000":[[79,0,1,1,0,5.0,3.0],[78,0,3,5,0,5.0,2.0],[77,0,4,4,0,7.0,3.0]],"99610.00000":[[78,0,1,1,0,2.0,2.0],[76,0,1,1,0,1.0,0.0],[79,0,1,1,0,3.0,2.0]],"3507.00000":[[78,0,1,1,0,1.0,1.0],[79,0,1,1,0,1.0,1.0]],"6132.00000":[[78,0,1,1,0,2.0,1.0]],"5449.00000":[[79,0,1,1,1,3.0,0.0],[77,0,1,2,1,3.0,0.0],[76,0,1,1,0,2.0,0.0]],"1131.00000":[[77,0,2,2,0,2.0,1.0],[79,0,1,0,1,3.0,2.0]],"11440.00000":[[77,0,1,1,1,2.0,1.0],[79,0,1,1,0,1.0,2.0]],"1294.00000":[[78,0,1,0,1,1.0,2.0]],"1083.00000":[[79,0,2,2,0,2.0,1.0],[76,0,1,1,0,2.0,2.0],[77,0,2,1,1,2.0,1.0]],"20422.00000":[[79,0,2,0,6,19.0,7.0],[77,0,3,3,0,15.0,8.0],[78,0,3,7,1,21.0,8.0]],"4563.00000":[[78,0,1,1,0,2.0,1.0],[79,0,1,1,0,1.0,1.0],[77,0,1,1,0,2.0,2.0]],"990.00000":[[78,0,0,2,0,3.0,3.0],[76,0,0,5,0,5.0,5.0],[77,0,0,1,0,1.0,3.0],[79,0,0,4,0,6.0,6.0]],"1047.00000":[[77,0,0,1,0,1.0,3.0],[76,0,1,3,0,3.0,3.0],[79,0,1,1,0,9.0,3.0]],"7463.00000":[[79,0,0,1,0,2.0,0.0]],"5450.00000":[[77,0,2,1,1,3.0,1.0],[79,0,1,1,0,1.0,0.0]],"5933.00000":[[78,0,0,1,0,2.0,0.0],[79,0,0,1,0,2.0,0.0]],"38914.00000":[[77,0,1,1,0,5.0,1.0],[78,0,2,4,1,6.0,2.0]],"5997.00000":[[76,0,0,1,0,2.0,0.0]],"19027.00000":[[78,0,3,6,0,18.0,9.0],[79,0,3,4,0,11.0,4.0]],"4079.00000":[[77,0,1,2,0,3.0,2.0]],"4363.00000":[[77,0,1,1,0,4.0,0.0],[79,0,2,2,0,4.0,0.0]],"197437.00000":[[79,0,2,1,1,5.0,2.0]],"3505.00000":[[77,0,1,1,0,2.0,5.0]],"3967.00000":[[79,0,1,2,0,2.0,0.0],[77,0,1,1,0,1.0,7.0]],"6483.00000":[[76,0,1,1,0,3.0,2.0],[78,0,1,3,0,12.0,4.0],[79,0,1,6,0,13.0,6.0],[77,0,2,2,0,7.0,3.0]],"3797.00000":[[77,0,2,2,0,4.0,0.0]],"11230.00000":[[76,0,0,2,0,2.0,0.0]],