{"items":{"17060.00000":[[74,0,0,0,3,3.0,2.0],[72,0,0,0,1,1.0,0.0]],"990.00000":[[73,0,0,4,0,4.0,4.0],[71,0,0,4,0,25.0,6.0],[72,0,0,5,0,5.0,5.0]],"4233.00000":[[74,0,3,3,0,3.0,0.0],[73,0,3,3,0,3.0,0.0]],"997.00000":[[71,0,1,1,0,4.0,4.0],[74,0,4,4,0,12.0,8.0],[73,1,6,0,8,16.0,8.0],[72,0,2,0,2,9.0,4.0]],"1107.00000":[[71,0,2,2,0,2.0,2.0],[74,0,2,5,0,5.0,1.0]],"5454.00000":[[73,0,1,1,0,2.0,3.0],[72,0,1,1,0,1.0,3.0],[71,0,1,1,0,2.0,2.0],[74,0,1,1,0,9.0,5.0]],"10471.00000":[[74,0,0,1,0,2.0,0.0],[71,0,0,1,0,1.0,2.0]],"18880.00000":[[72,0,1,1,0,1.0,1.0]],"222707.00000":[[72,0,0,1,0,4.0,0.0]],"5456.00000":[[72,0,0,1,0,1.0,2.0],[74,0,0,2,0,2.0,2.0]],"1108.00000":[[74,0,17,11,14,31.0,14.0],[73,1,16,1,15,47.0,15.0],[72,0,11,11,0,41.0,18.0],[71,0,2,2,0,18.0,18.0]],"7433.00000":[[73,0,5,9,1,10.0,7.0],[71,0,2,2,0,15.0,14.0],[72,0,9,14,3,21.0,8.0],[74,0,2,3,0,3.0,7.0]],"1016.00000":[[72,0,5,6,0,31.0,13.0],[73,0,10,3,8,37.0,11.0],[74,0,11,10,3,33.0,10.0]],"1068.00000":[[74,0,7,9,0,28.0,14.0],[71,0,4,4,0,21.0,18.0],[73,2,12,3,11,39.0,14.0],[72,0,8,9,0,31.0,10.0]],"5132.00000":[[73,0,0,14,0,20.0,17.0],[74,0,0,16,0,20.0,13.0],[72,0,0,13,0,19.0,17.0]],"3941.00000":[[72,0,9,11,1,33.0,15.0],[74,0,7,9,0,10.0,8.0],[71,0,1,1,0,12.0,10.0],[73,0,13,22,0,30.0,8.0]],"24381.00000":[[72,0,3,2,1,8.0,3.0],[74,0,1,1,0,1.0,3.0],[73,0,4,4,0,5.0,3.0]],"1284.00000":[[71,0,11,14,0,52.0,49.0],[73,0,33,59,5,89.0,33.0],[74,0,20,30,3,33.0,33.0],[72,0,26,36,8,102.0,48.0]],"572726.00000":[[73,0,0,3,0,3.0,0.0],[71,0,0,4,0,7.0,5.0],[72,0,0,2,1,5.0,3.0]],"1074.00000":[[73,0,14,8,9,44.0,16.0],[74,0,16,18,11,38.0,16.0],[72,0,15,13,4,45.0,19.0],[71,0,3,3,0,17.0,17.0]],"1056.00000":[[72,0,1,1,0,10.0,3.0],[74,0,3,1,2,4.0,3.0],[73,0,6,2,5,12.0,3.0]],"197437.00000":[[72,0,1,0,1,2.0,0.0],[74,0,1,2,0,4.0,0.0]],"4597.00000":[[72,0,8,12,0,12.0,19.0],[74,0,13,17,0,17.0,18.0],[73,0,13,20,0,20.0,19.0],[71,0,1,2,0,2.0,20.0]],"6483.00000":[[74,1,11,12,2,19.0,13.0],[72,0,8,10,0,20.0,11.0],[73,0,12,8,7,25.0,13.0],[71,0,3,3,0,9.0,9.0]],"8284.00000":[[73,0,0,0,4,4.0,0.0]],"4070.00000":[[72,0,1,2,0,2.0,0.0],[74,0,2,3,0,4.0,3.0],[73,0,3,4,0,4.0,0.0]],"7388.00000":[[73,0,2,2,0,2.0,1.0],[72,0,1,1,0,2.0,1.0],[71,0,1,1,0,1.0,1.0],[74,0,1,1,0,2.0,2.0]],"778072.00000":[[74,0,0,2,0,2.0,0.0],[72,0,0,0,2,2.0,0.0]],"4216.00000":[[74,0,2,2,0,2.0,0.0]],"34585.00000":[[71,0,1,1,0,3.0,2.0],[73,0,1,1,0,5.0,0.0]],"1025.00000":[[72,0,1,1,0,1.0,0.0],[73,0,1,1,0,1.0,0.0],[74,0,1,1,0,1.0,2.0]],"2610.00000":[[71,0,1,1,0,2.0,3.0],[74,0,1,2,0,5.0,5.0],[72,0,5,8,0,9.0,6.0],[73,0,4,5,0,5.0,5.0]],"800076.00000":[[74,0,0,1,0,1.0,0.0],[72,0,0,1,0,1.0,1.0]],"4600.00000":[[72,0,2,3,0,3.0,2.0],[73,0,1,2,0,2.0,3.0],[74,0,1,2,0,2.0,3.0]],"1041.00000":[[73,0,0,34,1,40.0,22.0],[74,0,0,20,1,40.0,36.0],[71,0,0,7,0,38.0,27.0],[72,0,0,26,1,60.0,25.0]],"6891.00000":[[72,0,2,2,0,2.0,2.0],[73,0,0,1,0,2.0,2.0]],"5795.00000":[[72,0,1,1,0,2.0,1.0],[73,0,1,1,0,1.0,1.0]],"7460.00000":[[74,0,0,1,0,1.0,0.0],[72,0,0,1,0,1.0,0.0],[71,0,0,2,0,2.0,0.0]],"10664.00000":[[73,0,16,3,17,43.0,38.0],[71,0,6,9,0,17.0,38.0],[74,0,11,19,1,71.0,38.0],[72,0,10,8,7,23.0,38.0]],"7816.00000":[[72,0,1,1,0,14.0,4.0],[74,0,1,2,0,6.0,3.0],[73,0,5,5,1,15.0,3.0]],"3795.00000":[[71,0,0,10,0,20.0,19.0],[72,0,0,10,23,41.0,20.0],[73,0,0,9,6,33.0,22.0],[74,0,0,12,1,34.0,23.0]],"1289.00000":[[71,0,1,1,0,9.0,7.0],[72,0,8,7,2,16.0,6.0],[73,0,10,7,7,14.0,6.0],[74,0,2,2,0,2.0,6.0]],"12677.00000":[[74,0,2,3,0,3.0,0.0],[72,0,4,4,3,7.0,0.0]],"5339.00000":[[71,0,0,1,0,1.0,0.0],[74,0,1,1,0,1.0,0.0],[73,0,0,1,0,1.0,0.0]],"956524.00000":[[74,0,2,2,1,3.0,3.0],[72,0,1,1,0,6.0,3.0],[71,0,1,1,0,2.0,2.0],[73,0,4,5,1,8.0,3.0]],"19380.00000":[[74,2,3,4,0,13.0,7.0],[73,0,3,8,1,13.0,8.0],[72,0,1,1,0,8.0,5.0]],"17054.00000":[[73,0,1,1,0,3.0,1.0]],"4563.00000":[[73,0,0,1,0,2.0,0.0],[72,0,2,3,0,5.0,0.0]],"27568.00000":[[72,0,0,2,0,2.0,0.0],[73,0,0,2,0,2.0,0.0],[74,0,0,1,0,1.0,1.0],[71,0,0,1,0,1.0,2.0]],"7821.00000":[[72,0,4,6,0,13.0,7.0],[71,0,4,5,0,6.0,5.0],[73,0,2,1,1,9.0,3.0],[74,0,5,6,1,7.0,3.0]],"32331.00000":[[74,0,0,1,0,3.0,0.0],[73,0,0,2,0,6.0,0.0]],"1096.00000":[[71,0,6,7,0,12.0,9.0],[74,0,9,6,6,13.0,7.0],[73,0,10,9,3,23.0,7.0],[72,0,7,7,0,15.0,7.0]],"1013.00000":[[74,1,9,12,2,15.0,9.0],[71,0,1,1,0,11.0,10.0],[73,0,13,13,0,23.0,9.0],[72,0,7,7,0,23.0,9.0]],"3942.00000":[[74,0,3,4,3,10.0,4.0],[72,0,2,1,1,2.0,1.0]],"7470.00000":[[73,0,0,1,1,3.0,0.0],[72,0,0,2,0,4.0,0.0],[74,0,0,1,0,4.0,4.0],[71,0,0,1,0,4.0,5.0]],"1137.00000":[[74,0,0,1,1,4.0,0.0],[73,0,1,1,0,6.0,0.0]],"3505.00000":[[72,0,0,1,0,1.0,1.0],[74,0,1,2,0,2.0,2.0],[73,0,1,1,0,1.0,2.0]],"11821.00000":[[73,0,3,3,0,6.0,0.0],[71,0,1,1,0,1.0,0.0],[74,0,1,2,0,3.0,0.0]],"11581.00000":[[73,0,2,2,0,2.0,0.0],[72,0,2,2,0,2.0,0.0],[71,0,2,2,0,2.0,0.0],[74,0,3,4,0,8.0,8.0]],"4231.00000":[[74,0,2,2,0,3.0,0.0],[73,0,1,1,0,3.0,0.0]],"7808.00000":[[73,1,6,4,2,6.0,0.0],[74,0,2,2,0,6.0,0.0],[72,0,2,2,0,4.0,0.0]],"2116.00000":[[71,0,12,15,0,65.0,49.0],[73,0,40,17,38,70.0,38.0],[74,0,24,8,23,45.0,46.0],[72,0,43,22,26,94.0,42.0]],"1005.00000":[[72,0,12,18,3,36.0,0.0],[71,0,2,2,0,21.0,0.0],[73,0,7,8,0,26.0,0.0],[74,0,13,15,1,22.0,0.0]],"1079.00000":[[72,0,4,4,0,4.0,1.0],[73,0,1,1,0,2.0,2.0]],"175981.00000":[[72,0,3,4,0,4.0,0.0],[71,0,2,4,0,4.0,0.0],[73,0,2,4,0,4.0,0.0]],"3383.00000":[[73,0,1,1,0,7.0,0.0],[74,1,3,5,0,5.0,5.0],[72,0,1,2,0,2.0,2.0]],"1128.00000":[[73,1,18,17,9,26.0,19.0],[71,0,2,2,0,26.0,20.0],[72,1,18,24,3,44.0,19.0],[74,0,10,15,0,15.0,20.0]],"15038.00000":[[72,0,0,8,0,8.0,8.0],[73,0,0,6,0,6.0,8.0],[74,0,0,7,0,7.0,8.0],[71,0,0,7,0,8.0,8.0]],"1288.00000":[[72,0,0,5,0,5.0,5.0],[73,0,0,4,0,5.0,6.0],[71,0,0,4,0,4.0,4.0],[74,0,0,3,0,3.0,5.0]],"19806.00000":[[73,0,1,2,0,2.0,0.0],[72,0,1,2,1,3.0,0.0]],"369634.00000":[[74,0,2,2,2,4.0,2.0],[73,0,3,1,2,7.0,2.0]],"20763.00000":[[73,0,4,4,0,4.0,3.0],[72,0,6,6,0,6.0,0.0],[71,1,1,2,0,2.0,0.0],[74,0,2,2,0,2.0,3.0]],"63716.00000":[[72,0,2,2,0,2.0,0.0]],"331606.00000":[[72,0,0,2,0,3.0,0.0],[73,0,0,1,1,3.0,0.0],[74,0,0,1,0,3.0,0.0]],"16377.00000":[[72,0,3,3,0,4.0,0.0],[71,0,1,1,0,2.0,0.0],[73,0,1,1,0,1.0,0.0]],"9497.00000":[[72,0,0,3,0,3.0,3.0],[73,0,0,3,0,3.0,3.0],[74,0,0,3,0,3.0,3.0],[71,0,0,3,0,3.0,3.0]],"5948.00000":[[73,0,1,1,0,1.0,0.0],[72,0,1,1,0,2.0,2.0]],"1036.00000":[[72,0,11,12,0,23.0,12.0],[71,0,2,4,0,12.0,15.0],[73,0,9,8,3,23.0,15.0],[74,0,11,12,2,16.0,14.0]],"45306.00000":[[73,0,5,0,6,15.0,9.0],[71,0,2,2,0,6.0,5.0],[72,0,9,3,7,12.0,5.0],[74,0,6,6,0,15.0,9.0]],"9499.00000":[[73,0,0,1,1,5.0,0.0],[72,0,0,0,1,4.0,0.0],[74,0,0,1,0,2.0,2.0]],"8438.00000":[[71,0,0,2,0,2.0,0.0],[72,0,1,2,0,2.0,0.0],[74,0,0,1,0,1.0,0.0],[73,0,0,1,0,2.0,0.0]],"19903.00000":[[72,0,2,2,0,2.0,1.0],[74,0,1,2,0,2.0,0.0]],"993.00000":[[73,0,0,1,0,1.0,0.0],[72,0,0,1,0,1.0,0.0],[71,0,0,2,0,2.0,0.0]],"20422.00000":[[73,0,10,11,0,17.0,12.0],[71,0,4,5,0,8.0,13.0],[72,0,12,13,0,18.0,15.0],[74,0,6,9,0,12.0,12.0]],"1131.00000":[[71,1,5,6,0,7.0,7.0],[74,0,2,3,0,3.0,5.0],[72,0,8,7,1,11.0,7.0],[73,0,5,3,3,6.0,5.0]],"449562.00000":[[73,0,0,1,0,3.0,0.0],[72,0,0,0,2,5.0,0.0],[74,0,0,2,0,2.0,0.0]],"699801.00000":[[73,0,0,1,0,7.0,0.0]],"19901.00000":[[72,0,4,5,0,6.0,5.0],[73,0,2,2,0,2.0,2.0],[71,0,0,1,0,1.0,1.0],[74,0,2,2,0,2.0,2.0]],"1047.00000":[[72,0,11,12,3,20.0,9.0],[71,0,1,1,0,11.0,10.0],[73,0,11,3,10,13.0,8.0],[74,0,2,2,1,3.0,8.0]],"4601.00000":[[74,0,14,9,7,19.0,18.0],[71,0,4,4,0,22.0,19.0],[72,0,23,13,20,43.0,20.0],[73,0,15,15,1,25.0,18.0]],"7809.00000":[[72,0,1,3,0,7.0,0.0],[73,0,4,3,1,9.0,0.0],[74,0,1,1,0,9.0,0.0]],"3387.00000":[[74,0,1,2,0,3.0,0.0],[73,0,0,1,0,3.0,0.0]],"1066.00000":[[72,0,13,18,1,37.0,14.0],[73,0,14,15,0,34.0,14.0],[74,0,19,23,0,25.0,14.0]],"7044.00000":[[72,0,0,1,0,4.0,2.0],[74,0,1,1,0,1.0,1.0],[73,0,2,3,0,3.0,1.0]],"1095.00000":[[73,0,16,19,0,19.0,19.0],[71,0,7,9,0,9.0,25.0],[72,1,9,13,0,13.0,16.0],[74,0,16,18,0,18.0,19.0]],"1026.00000":[[73,0,7,4,4,14.0,6.0],[71,0,2,2,0,7.0,6.0],[72,0,5,5,0,12.0,5.0],[74,0,3,3,0,3.0,6.0]],"17011.00000":[[74,0,1,2,0,5.0,5.0],[72,0,1,1,0,2.0,0.0],[73,0,2,2,0,4.0,6.0]],