{"items":{"15353.00000":[[69,0,0,0,3,3.0,0.0],[68,0,0,1,0,3.0,0.0]],"4213.00000":[[69,0,1,2,0,8.0,0.0],[68,0,0,1,0,3.0,0.0]],"32330.00000":[[69,0,3,4,4,8.0,0.0]],"22716.00000":[[69,0,2,4,0,6.0,0.0],[68,0,1,2,0,2.0,0.0]],"51935.00000":[[68,0,3,6,0,9.0,0.0],[69,0,4,2,6,26.0,0.0]],"1095.00000":[[68,0,6,10,0,10.0,20.0],[69,0,4,10,0,10.0,34.0]],"55568.00000":[[69,0,4,16,0,16.0,0.0],[68,0,4,7,0,7.0,0.0]],"1101.00000":[[68,0,1,1,0,3.0,0.0],[69,0,1,0,2,10.0,0.0]],"993.00000":[[68,0,0,2,0,2.0,0.0],[69,0,0,1,0,1.0,0.0]],"7808.00000":[[68,0,2,2,0,2.0,0.0],[69,0,3,6,0,6.0,0.0]],"308035.00000":[[68,0,0,1,0,5.0,0.0],[69,0,0,0,2,9.0,0.0]],"956524.00000":[[69,0,1,0,2,8.0,0.0],[68,0,0,1,0,2.0,0.0]],"197437.00000":[[69,0,0,1,0,1.0,0.0]],"8536.00000":[[69,0,0,2,0,2.0,0.0]],"1096.00000":[[68,0,1,3,0,5.0,3.0],[69,0,1,2,2,12.0,8.0]],"99610.00000":[[69,0,2,2,2,8.0,0.0]],"3795.00000":[[68,0,0,1,0,8.0,0.0],[69,0,0,1,12,19.0,0.0]],"7433.00000":[[69,0,3,18,0,20.0,10.0],[68,0,0,1,0,7.0,5.0]],"1296.00000":[[68,1,16,20,0,66.0,0.0],[69,0,10,24,14,84.0,0.0]],"5949.00000":[[69,0,1,0,4,6.0,0.0]],"5913.00000":[[69,0,0,1,0,3.0,0.0]],"9497.00000":[[68,0,0,1,0,3.0,0.0]],"1121.00000":[[68,0,0,2,0,7.0,0.0],[69,0,0,1,3,4.0,0.0]],"9009.00000":[[69,0,1,0,2,6.0,0.0]],"8675.00000":[[69,0,1,2,0,10.0,0.0]],"5223.00000":[[68,0,1,1,0,2.0,0.0]],"1092.00000":[[68,0,0,6,0,25.0,0.0],[69,0,0,11,0,34.0,0.0]],"27568.00000":[[69,0,0,0,1,3.0,0.0]],"5132.00000":[[69,0,2,18,0,18.0,0.0],[68,0,0,1,0,1.0,0.0]],"199260.00000":[[69,0,0,3,1,6.0,0.0]],"1049.00000":[[68,0,1,4,0,4.0,0.0],[69,0,3,8,0,8.0,0.0]],"990.00000":[[68,0,0,1,0,2.0,0.0],[69,0,0,0,3,3.0,0.0]],"4600.00000":[[69,0,1,0,2,8.0,0.0]],"34585.00000":[[69,0,1,0,2,8.0,0.0]],"1027.00000":[[69,0,7,8,8,22.0,0.0],[68,0,2,3,0,8.0,0.0]],"4233.00000":[[69,0,1,0,2,6.0,0.0]],"1294.00000":[[69,0,3,2,4,12.0,0.0],[68,0,1,1,0,3.0,0.0]],"1041.00000":[[69,0,0,4,14,18.0,0.0],[68,0,0,10,0,14.0,0.0]],"1131.00000":[[68,0,3,5,0,5.0,4.0],[69,0,2,6,0,8.0,10.0]],"7470.00000":[[69,0,0,1,1,5.0,0.0]],"5339.00000":[[68,1,1,1,0,1.0,0.0]],"1284.00000":[[68,0,7,12,0,46.0,0.0],[69,0,21,76,2,218.0,0.0]],"12474.00000":[[69,0,0,2,0,2.0,0.0]],"15043.00000":[[69,0,0,0,2,3.0,0.0],[68,0,0,1,0,3.0,0.0]],"11054.00000":[[69,0,0,1,0,6.0,0.0]],"2116.00000":[[68,0,6,8,0,25.0,0.0],[69,0,33,62,12,84.0,0.0]],"1064.00000":[[69,0,1,2,0,2.0,0.0]],"896827.00000":[[68,0,0,1,0,3.0,0.0]],"1036.00000":[[69,0,4,8,0,8.0,0.0],[68,0,3,4,0,4.0,0.0]],"4597.00000":[[68,0,2,6,0,0.0,0.0],[69,0,6,14,0,16.0,0.0]],"6187.00000":[[69,0,1,2,0,6.0,0.0],[68,0,1,1,0,2.0,0.0]],"1037.00000":[[68,0,0,1,0,6.0,0.0],[69,0,4,12,0,20.0,0.0]],"663048.00000":[[69,0,1,2,0,4.0,0.0],[68,0,0,2,0,4.0,0.0]],"7814.00000":[[69,0,1,0,2,6.0,0.0]],"5997.00000":[[69,0,2,2,6,8.0,0.0],[68,0,0,1,0,2.0,0.0]],"8688.00000":[[69,0,1,0,2,10.0,6.0],[68,0,2,3,0,5.0,3.0]],"15024.00000":[[69,0,4,10,2,12.0,0.0],[68,0,3,3,0,5.0,0.0]],"3943.00000":[[69,0,3,6,2,16.0,0.0],[68,0,1,1,0,4.0,0.0]],"7815.00000":[[68,0,0,1,0,2.0,0.0]],"8690.00000":[[69,0,1,2,0,8.0,0.0]],"17054.00000":[[68,0,3,6,0,6.0,0.0],[69,0,1,2,0,12.0,0.0]],"369634.00000":[[68,0,0,1,0,2.0,0.0],[69,0,1,2,0,6.0,0.0]],"1107.00000":[[69,0,0,1,0,4.0,0.0]],"127277.00000":[[69,0,0,0,1,4.0,0.0],[68,0,0,2,0,3.0,0.0]],"6476.00000":[[69,0,0,3,0,7.0,0.0]],"3941.00000":[[68,0,4,6,0,6.0,0.0],[69,0,4,10,0,10.0,0.0]],"20422.00000":[[68,0,4,5,0,6.0,0.0],[69,0,5,14,0,14.0,0.0]],"4070.00000":[[69,0,1,2,0,2.0,0.0]],"12677.00000":[[69,0,1,2,0,2.0,0.0]],"9500.00000":[[69,0,0,0,3,3.0,0.0]],"1288.00000":[[69,0,0,1,0,3.0,0.0],[68,0,0,2,0,2.0,0.0]],"14522.00000":[[69,0,0,2,0,4.0,0.0]],"5449.00000":[[69,0,1,2,0,4.0,0.0]],"143045.00000":[[69,0,0,0,2,6.0,0.0]],"1025.00000":[[68,0,1,1,0,1.0,0.0]],"1113.00000":[[68,0,1,1,0,1.0,2.0]],"1026.00000":[[68,0,1,3,0,5.0,0.0],[69,0,3,4,6,10.0,0.0]],"8284.00000":[[69,0,0,0,2,4.0,0.0]],"382395.00000":[[69,0,0,2,0,2.0,0.0]],"4133.00000":[[69,0,6,16,0,16.0,0.0],[68,0,8,11,0,11.0,0.0]],"19380.00000":[[69,0,4,8,2,10.0,0.0],[68,0,2,4,0,5.0,0.0]],"17060.00000":[[68,0,1,1,0,5.0,0.0],[69,0,1,4,0,18.0,0.0]],"12683.00000":[[69,2,10,20,6,28.0,0.0]],"3942.00000":[[68,0,2,2,0,7.0,4.0],[69,0,1,4,0,16.0,8.0]],"1047.00000":[[68,0,3,3,0,6.0,0.0],[69,0,8,16,4,20.0,0.0]],"1137.00000":[[69,0,1,0,2,10.0,0.0]],"1106.00000":[[69,0,1,2,0,14.0,0.0]],"10664.00000":[[68,0,2,2,0,23.0,0.0],[69,1,6,22,0,94.0,0.0]],"7388.00000":[[68,0,0,1,0,2.0,0.0],[69,0,1,2,2,6.0,0.0]],"1103.00000":[[69,0,1,2,0,12.0,0.0]],"1290.00000":[[68,0,1,1,0,3.0,0.0],[69,0,2,4,4,8.0,0.0]],"9498.00000":[[68,0,0,1,0,3.0,0.0]],"175981.00000":[[69,0,1,4,0,4.0,0.0]],"1108.00000":[[68,0,3,4,0,6.0,0.0],[69,0,3,4,12,16.0,0.0]],"6483.00000":[[69,0,4,14,0,14.0,0.0],[68,0,4,5,0,6.0,0.0]],"11821.00000":[[69,0,2,4,0,4.0,0.0],[68,0,1,1,0,1.0,0.0]],"6891.00000":[[69,0,1,2,0,4.0,4.0],[68,0,2,2,0,2.0,2.0]],"3505.00000":[[69,0,2,4,0,4.0,0.0],[68,1,2,2,0,2.0,0.0]],"1068.00000":[[68,0,1,2,0,2.0,0.0],[69,0,1,4,0,4.0,0.0]],"5733.00000":[[69,0,6,12,0,12.0,0.0]],"11816.00000":[[69,0,2,0,4,12.0,0.0]],"8707.00000":[[69,0,4,12,0,12.0,0.0],[68,0,0,2,0,4.0,0.0]],"1128.00000":[[69,0,5,14,0,14.0,0.0],[68,0,5,5,0,5.0,0.0]],"8689.00000":[[68,0,1,2,0,18.0,0.0],[69,0,8,24,0,82.0,0.0]],"7460.00000":[[68,0,0,2,0,3.0,0.0]],"9499.00000":[[69,0,0,1,1,6.0,0.0]],"7816.00000":[[68,0,2,2,0,6.0,0.0],[69,0,3,6,2,20.0,0.0]],"90626.00000":[[69,0,1,2,0,10.0,0.0]],"1069.00000":[[68,0,0,1,0,2.0,0.0]],"1074.00000":[[68,0,1,1,0,4.0,0.0],[69,0,3,0,10,16.0,0.0]],"5802.00000":[[69,0,0,0,1,2.0,0.0]],"1292.00000":[[69,0,0,3,0,5.0,0.0]],"11565.00000":[[69,0,1,2,0,2.0,0.0]],"5454.00000":[[69,0,2,8,0,8.0,0.0],[68,0,1,1,0,2.0,0.0]],"7479.00000":[[69,0,1,2,0,10.0,0.0]],"1005.00000":[[69,1,8,18,8,74.0,0.0],[68,0,3,4,0,26.0,0.0]],"5795.00000":[[68,0,0,1,0,2.0,0.0],[69,0,2,4,0,6.0,0.0]],"1007.00000":[[68,0,4,4,0,20.0,0.0],[69,0,8,14,2,72.0,0.0]],"1086.00000":[[68,0,0,4,0,23.0,17.0],[69,0,0,4,6,42.0,21.0]],"4601.00000":[[69,0,12,8,28,36.0,0.0],[68,0,4,6,0,11.0,0.0]],"8478.00000":[[68,0,0,1,0,2.0,0.0]],"2610.00000":[[68,0,1,2,0,2.0,0.0],[69,0,2,4,0,4.0,0.0]],"20763.00000":[[69,0,1,2,0,2.0,10.0]],"4599.00000":[[68,0,3,4,0,7.0,0.0],[69,0,9,24,0,26.0,0.0]],"7809.00000":[[69,0,2,4,0,6.0,0.0]],"741630.00000":[[68,0,0,1,0,5.0,0.0]],"7821.00000":[[68,0,1,2,0,4.0,0.0]],"4563.00000":[[69,1,2,4,0,4.0,4.0]],"5933.00000":[[69,0,0,1,1,2.0,0.0]],"5796.00000":[[69,0,0,0,1,6.0,0.0]],"7044.00000":[[69,0,1,4,0,20.0,0.0]],"15352.00000":[[69,0,1,2,0,2.0,0.0]],"15038.00000":[[69,0,0,5,0,5.0,0.0],[68,0,0,3,0,3.0,0.0]],"3384.00000":[[68,1,1,2,0,3.0,0.0]],"3387.00000":[[69,0,1,0,2,2.0,0.0]],"1013.00000":[[69,0,1,6,0,6.0,0.0],[68,0,2,4,0,4.0,0.0]],"5948.00000":[[69,0,2,4,0,6.0,0.0]],"1082.00000":[[68,0,1,1,0,2.0,0.0],[69,0,1,4,2,6.0,0.0]],"997.00000":[[69,0,6,10,2,18.0,0.0],[68,0,0,1,0,4.0,0.0]],"1009.00000":[[68,0,2,2,0,2.0,0.0],[69,0,2,4,0,4.0,0.0]],"2969.00000":[[69,0,1,4,0,8.0,8.0],[68,0,1,1,0,1.0,3.0]],"1066.00000":[[69,0,7,16,4,26.0,0.0],[68,0,3,5,0,8.0,0.0]],"8547.00000":[[69,0,1,2,2,10.0,0.0],[68,0,0,1,0,3.0,0.0]],"1051.00000":[[69,0,2,46,0,48.0,0.0]],"1016.00000":[[68,0,3,4,0,9.0,6.0],[69,0,4,8,6,20.0,12.0]],"1079.00000":[[68,0,0,1,0,3.0,0.0]],"3383.00000":[[69,0,1,2,0,6.0,0.0]],"5931.00000":[[69,0,0,1,0,5.0,0.0]],"3508.00000":[[69,0,0,1,0,2.0,2.0]],"6188.00000":[[69,0,1,2,0,6.0,0.0]],"1289.00000":[[68,0,1,2,0,2.0,0.0],[69,0,2,6,0,6.0,0.0]],"5930.00000":[[69,0,1,2,0,4.0,4.0]],"45306.00000":[[69,0,7,12,8,20.0,0.0],[68,0,4,4,0,10.0,0.0]],"19027.00000":[[69,0,7,6,16,24.0,0.0],[68,0,4,5,0,7.0,0.0]],"797582.00000":[[69,0,0,1,0,4.0,0.0]],"5456.00000":[[69,0,0,1,1,2.0,0.0]],"8535.00000":[[69,0,1,2,0,4.0,4.0]],"654624.00000":[[69,0,2,2,2,8.0,0.0]],"17011.00000":[[69,0,1,4,0,2.0,0.0]],"24381.00000":[[69,0,2,4,2,6.0,0.0],[68,0,1,1,0,2.0,0.0]],"6456.00000":[[69,0,0,0,1,2.0,0.0]],"572726.00000":[[69,0,0,1,0,7.0,0.0]],"18544.00000":[[69,0,1,4,0,6.0,0.0]],"7458.00000":[[69,0,4,8,0,8.0,0.0]]}}