{"items":{"7463.00000":[[74,0,0,2,0,3.0,0.0]],"4599.00000":[[74,0,4,13,0,14.0,0.0]],"3967.00000":[[74,0,3,8,0,27.0,0.0]],"6331.00000":[[74,0,0,1,0,1.0,0.0]],"2116.00000":[[74,0,16,29,0,31.0,0.0]],"16997.00000":[[74,0,0,1,0,2.0,0.0]],"1026.00000":[[74,0,2,4,0,4.0,0.0]],"3943.00000":[[74,0,1,1,0,3.0,0.0]],"1289.00000":[[74,0,0,2,0,0.0,0.0]],"10664.00000":[[74,0,1,4,0,4.0,0.0]],"52733.00000":[[74,0,0,2,0,1.0,0.0]],"14877.00000":[[74,0,1,1,0,1.0,0.0]],"6457.00000":[[74,0,0,2,0,3.0,0.0]],"592302.00000":[[74,0,1,4,0,6.0,0.0]],"1068.00000":[[74,0,1,1,0,4.0,0.0]],"9497.00000":[[74,0,0,1,0,3.0,0.0]],"16373.00000":[[74,0,0,1,0,1.0,0.0]],"15353.00000":[[74,0,0,1,0,5.0,0.0]],"1047.00000":[[74,0,0,2,0,7.0,0.0]],"11570.00000":[[74,0,1,1,0,2.0,0.0]],"1025.00000":[[74,0,0,1,0,1.0,0.0]],"5795.00000":[[74,0,0,1,0,3.0,0.0]],"6746.00000":[[74,0,1,1,0,2.0,0.0]],"1009.00000":[[74,0,0,3,0,3.0,0.0]],"143045.00000":[[74,0,0,2,0,2.0,0.0]],"1066.00000":[[74,0,3,8,0,8.0,0.0]],"1108.00000":[[74,0,6,15,0,15.0,0.0]],"1131.00000":[[74,0,2,2,0,4.0,3.0]],"13208.00000":[[74,0,0,1,0,4.0,0.0]],"24381.00000":[[74,0,0,2,0,2.0,0.0]],"6132.00000":[[74,0,1,2,0,2.0,0.0]],"1007.00000":[[74,0,1,3,0,3.0,0.0]],"1043.00000":[[74,0,0,22,0,35.0,0.0]],"94788.00000":[[74,0,1,2,0,2.0,0.0]],"7821.00000":[[74,0,5,7,0,7.0,0.0]],"1072.00000":[[74,0,4,7,0,7.0,0.0]],"6753.00000":[[74,0,0,1,0,1.0,0.0]],"1013.00000":[[74,0,2,4,0,4.0,0.0]],"8542.00000":[[74,0,0,1,0,2.0,0.0]],"650770.00000":[[74,0,2,2,0,3.0,0.0]],"1113.00000":[[74,0,0,1,0,1.0,0.0]],"441283.00000":[[74,0,0,3,0,3.0,0.0]],"3902.00000":[[74,0,0,1,0,2.0,2.0]],"19901.00000":[[74,0,0,2,0,8.0,0.0]],"774437.00000":[[74,0,1,2,0,2.0,0.0]],"9498.00000":[[74,0,0,1,0,3.0,0.0]],"5948.00000":[[74,0,1,2,0,2.0,0.0]],"1037.00000":[[74,0,2,6,0,7.0,0.0]],"1107.00000":[[74,0,2,3,0,3.0,0.0]],"5796.00000":[[74,0,1,3,0,3.0,0.0]],"5452.00000":[[74,0,0,1,0,1.0,0.0]],"208289.00000":[[74,0,0,2,0,2.0,0.0]],"6483.00000":[[74,0,6,7,0,7.0,0.0]],"3795.00000":[[74,0,0,5,0,10.0,0.0]],"15024.00000":[[74,0,2,4,0,5.0,0.0]],"16372.00000":[[74,0,0,3,0,3.0,0.0]],"1045.00000":[[74,0,0,1,0,4.0,0.0]],"15033.00000":[[74,0,1,1,0,2.0,0.0]],"175981.00000":[[74,0,2,2,0,2.0,0.0]],"1062.00000":[[74,0,0,1,0,2.0,0.0]],"19903.00000":[[74,0,1,1,0,1.0,0.0]],"3940.00000":[[74,0,1,2,0,2.0,0.0]],"2610.00000":[[74,0,2,2,0,2.0,0.0]],"998.00000":[[74,0,0,1,0,2.0,0.0]],"806641.00000":[[74,0,1,5,0,5.0,0.0]],"5798.00000":[[74,0,0,3,0,3.0,0.0]],"15352.00000":[[74,0,2,2,0,3.0,0.0]],"1051.00000":[[74,0,0,10,0,10.0,0.0]],"6459.00000":[[74,0,0,2,0,2.0,0.0]],"4597.00000":[[74,0,2,4,0,12.0,0.0]],"183593.00000":[[74,0,0,1,0,2.0,0.0]],"1036.00000":[[74,0,4,6,0,26.0,0.0]],"6187.00000":[[74,0,3,5,0,5.0,0.0]],"7471.00000":[[74,0,1,1,0,1.0,0.0]],"27568.00000":[[74,0,0,2,0,2.0,0.0]],"6461.00000":[[74,0,0,3,0,3.0,0.0]],"10471.00000":[[74,0,0,1,0,3.0,0.0]],"1005.00000":[[74,0,10,16,0,16.0,0.0]],"11565.00000":[[74,0,8,11,0,14.0,0.0]],"1101.00000":[[74,0,1,2,0,2.0,0.0]],"8707.00000":[[74,0,2,2,0,2.0,0.0]],"3941.00000":[[74,0,3,5,0,7.0,0.0]],"8287.00000":[[74,0,0,2,0,2.0,0.0]],"5132.00000":[[74,0,0,8,0,25.0,0.0]],"1121.00000":[[74,0,0,15,0,41.0,0.0]],"308035.00000":[[74,0,0,1,0,1.0,0.0]],"20422.00000":[[74,0,2,4,0,4.0,0.0]],"5456.00000":[[74,0,0,2,0,1.0,0.0]],"1106.00000":[[74,0,1,1,0,1.0,0.0]]}}