{"items":{"1045.00000":[[79,0,0,0,2,2.0,0.0]],"1133.00000":[[77,0,1,1,0,2.0,0.0]],"7475.00000":[[78,0,0,1,0,3.0,0.0]],"16997.00000":[[77,0,0,3,1,4.0,0.0],[79,0,0,3,0,3.0,0.0],[76,0,0,1,0,2.0,0.0]],"9499.00000":[[76,0,0,1,0,5.0,0.0],[77,0,0,4,0,4.0,0.0],[79,0,0,1,0,1.0,0.0]],"1036.00000":[[77,0,18,25,0,65.0,0.0],[76,0,7,9,0,9.0,0.0],[78,0,13,19,0,40.0,0.0]],"449562.00000":[[77,0,0,1,0,2.0,0.0]],"1106.00000":[[79,0,1,2,0,2.0,0.0],[78,0,2,2,1,3.0,0.0],[77,0,1,1,0,4.0,0.0]],"91485.00000":[[79,0,1,1,0,2.0,0.0],[77,0,0,1,0,1.0,0.0],[76,0,1,1,0,1.0,0.0]],"16373.00000":[[79,0,0,3,0,6.0,0.0],[76,0,0,2,0,5.0,0.0],[78,0,0,2,0,3.0,0.0],[77,0,0,3,1,7.0,0.0]],"45306.00000":[[77,0,4,4,0,5.0,0.0],[79,0,3,4,0,6.0,0.0],[78,0,0,1,0,1.0,0.0]],"5005.00000":[[76,0,1,1,0,2.0,0.0],[77,0,1,1,0,1.0,0.0]],"73772.00000":[[77,0,0,2,1,3.0,0.0]],"6746.00000":[[79,0,1,0,2,2.0,0.0],[78,0,0,1,0,1.0,0.0],[77,0,5,5,0,6.0,0.0]],"1066.00000":[[76,0,4,5,0,9.0,0.0],[79,0,6,9,0,11.0,0.0],[77,0,13,13,0,14.0,0.0]],"654624.00000":[[77,0,1,1,0,1.0,0.0],[76,0,1,1,0,2.0,0.0]],"8535.00000":[[76,0,1,1,0,1.0,0.0],[78,0,2,2,0,2.0,0.0],[79,0,1,0,1,1.0,0.0],[77,0,2,2,0,4.0,0.0]],"741630.00000":[[77,0,0,3,0,3.0,0.0],[79,0,0,0,2,2.0,0.0],[76,0,0,1,0,2.0,0.0]],"7463.00000":[[76,0,0,1,0,3.0,0.0],[78,0,0,2,0,3.0,0.0],[77,0,0,1,1,6.0,0.0]],"11054.00000":[[77,0,0,1,0,1.0,0.0],[79,0,0,0,1,1.0,0.0],[76,0,0,1,0,2.0,0.0]],"1095.00000":[[76,0,3,8,0,19.0,0.0],[78,0,6,9,0,9.0,0.0],[79,0,2,0,4,4.0,0.0],[77,0,11,17,0,32.0,0.0]],"1051.00000":[[79,0,7,35,1,36.0,0.0],[77,0,1,23,1,24.0,0.0],[76,0,1,20,0,21.0,0.0]],"3795.00000":[[76,0,0,3,0,9.0,0.0],[77,0,0,18,1,19.0,0.0]],"4563.00000":[[76,0,1,1,0,4.0,0.0],[78,0,2,2,0,3.0,0.0],[77,0,2,2,0,5.0,0.0],[79,0,1,0,2,2.0,0.0]],"11581.00000":[[77,0,1,1,0,1.0,0.0],[76,0,1,1,0,1.0,0.0],[79,0,1,2,0,2.0,0.0]],"4070.00000":[[77,0,3,3,0,3.0,0.0]],"1037.00000":[[76,0,1,3,0,7.0,0.0],[79,0,5,0,8,8.0,0.0],[77,0,3,4,0,4.0,0.0]],"11570.00000":[[76,0,2,2,0,2.0,0.0],[79,0,1,1,0,2.0,0.0],[77,0,1,1,0,2.0,0.0],[78,0,1,1,0,1.0,0.0]],"143045.00000":[[79,0,0,0,1,1.0,0.0],[78,0,0,1,0,2.0,0.0],[77,0,0,1,0,3.0,0.0]],"1103.00000":[[77,0,2,2,0,4.0,0.0],[78,0,1,1,0,2.0,0.0]],"8687.00000":[[79,0,3,0,3,3.0,0.0]],"1083.00000":[[79,0,1,1,0,1.0,0.0]],"998.00000":[[78,0,1,2,0,3.0,0.0],[79,0,1,1,0,3.0,0.0],[76,0,0,1,0,2.0,0.0]],"175981.00000":[[77,0,0,2,0,2.0,0.0]],"197437.00000":[[76,0,0,1,0,2.0,0.0],[79,0,1,0,2,2.0,0.0],[77,0,2,2,0,3.0,0.0]],"7043.00000":[[79,0,2,0,3,3.0,0.0],[76,0,1,2,0,1.0,0.0],[77,0,1,2,0,4.0,0.0]],"572726.00000":[[79,0,0,1,1,3.0,0.0],[78,0,0,2,0,2.0,0.0]],"7433.00000":[[77,0,9,15,1,16.0,12.0],[76,1,3,4,0,18.0,0.0]],"308035.00000":[[77,0,0,2,1,3.0,0.0]],"757444.00000":[[77,0,0,1,0,2.0,0.0]],"990.00000":[[76,0,0,4,0,4.0,0.0],[79,0,0,4,0,8.0,0.0],[77,0,0,5,0,5.0,0.0]],"1294.00000":[[79,0,4,0,4,4.0,0.0],[77,0,2,2,0,2.0,0.0],[76,0,3,3,0,5.0,0.0]],"495450.00000":[[77,0,0,2,1,3.0,0.0]],"5997.00000":[[77,0,2,2,0,2.0,0.0],[76,0,0,2,0,2.0,0.0]],"1137.00000":[[78,0,3,2,1,3.0,0.0]],"1284.00000":[[79,0,22,52,0,52.0,0.0],[76,0,25,39,0,80.0,0.0],[77,0,46,66,13,146.0,0.0],[78,0,28,0,45,64.0,0.0]],"1101.00000":[[77,0,1,1,0,6.0,0.0],[79,0,5,5,0,5.0,0.0],[78,0,2,3,0,4.0,0.0]],"5796.00000":[[79,0,1,1,0,1.0,0.0],[78,0,1,1,0,2.0,0.0],[77,0,1,1,0,5.0,0.0]],"1072.00000":[[76,0,2,3,0,7.0,0.0],[77,0,1,4,0,4.0,0.0]],"7821.00000":[[76,0,3,3,0,3.0,0.0],[77,0,3,5,0,5.0,0.0],[79,0,4,0,5,5.0,0.0]],"8688.00000":[[78,0,2,2,0,2.0,0.0],[77,0,2,2,0,4.0,0.0],[79,0,2,0,2,2.0,0.0]],"2969.00000":[[76,0,3,4,0,4.0,0.0],[77,1,4,5,0,6.0,0.0]],"8707.00000":[[78,0,2,2,0,3.0,0.0],[77,0,1,1,0,4.0,0.0],[76,0,2,3,0,4.0,0.0]],"16377.00000":[[78,0,0,1,0,1.0,0.0],[77,0,1,1,0,2.0,0.0]],"5931.00000":[[77,0,0,0,1,4.0,0.0]],"8438.00000":[[77,0,2,2,0,2.0,0.0],[76,0,0,1,0,2.0,0.0]],"4599.00000":[[77,0,6,8,0,8.0,0.0],[76,0,6,11,0,19.0,0.0],[79,0,14,0,26,26.0,0.0]],"1113.00000":[[78,0,3,4,0,6.0,0.0],[76,0,2,2,0,10.0,0.0],[79,1,6,6,0,17.0,0.0],[77,0,9,11,0,17.0,0.0]],"8547.00000":[[76,0,1,1,0,4.0,0.0],[77,0,6,4,2,6.0,0.0]],"9541.00000":[[79,0,0,1,0,1.0,0.0]],"7386.00000":[[77,0,0,0,1,4.0,0.0]],"5798.00000":[[76,0,0,3,0,3.0,0.0],[77,0,0,5,0,5.0,0.0],[79,0,0,1,0,5.0,0.0]],"14852.00000":[[78,0,0,2,0,2.0,0.0],[77,0,0,1,0,3.0,0.0],[79,0,0,2,0,3.0,0.0]],"13208.00000":[[79,0,3,3,0,3.0,0.0],[78,0,1,1,0,1.0,0.0],[76,0,2,2,0,2.0,0.0],[77,0,1,1,0,2.0,0.0]],"3387.00000":[[77,0,3,3,0,3.0,0.0]],"6483.00000":[[77,0,3,6,0,6.0,0.0]],"1047.00000":[[77,0,5,6,0,10.0,0.0],[78,0,2,3,0,4.0,0.0],[79,0,5,7,0,7.0,0.0],[76,0,2,3,0,6.0,0.0]],"774437.00000":[[76,0,2,2,0,3.0,0.0],[77,0,2,3,0,4.0,0.0],[78,0,0,1,0,1.0,0.0],[79,0,1,0,1,3.0,0.0]],"1043.00000":[[79,0,0,32,0,32.0,0.0],[76,0,0,15,0,18.0,0.0],[77,0,0,3,0,3.0,0.0]],"6571.00000":[[76,0,1,1,0,1.0,0.0]],"24381.00000":[[77,0,3,3,0,3.0,0.0],[76,0,1,2,0,2.0,0.0],[79,0,4,5,0,5.0,0.0]],"5452.00000":[[76,0,0,1,0,2.0,0.0],[77,0,0,1,0,1.0,0.0]],"6753.00000":[[79,0,0,1,0,1.0,0.0],[77,0,1,1,0,1.0,0.0],[76,0,1,1,0,2.0,0.0]],"4079.00000":[[78,0,1,1,0,1.0,0.0],[77,0,2,0,2,4.0,0.0],[76,0,1,2,0,3.0,0.0]],"1049.00000":[[77,0,1,3,0,3.0,0.0],[76,0,1,1,0,4.0,0.0],[79,0,3,0,7,7.0,0.0]],"4213.00000":[[76,0,1,1,0,4.0,0.0],[78,0,2,1,1,2.0,0.0],[77,0,0,1,2,5.0,0.0]],"6461.00000":[[76,0,0,1,0,2.0,0.0],[79,0,0,0,3,5.0,0.0],[77,0,0,2,1,4.0,0.0]],"1121.00000":[[76,0,0,5,0,14.0,0.0],[77,0,0,14,0,18.0,0.0]],"14202.00000":[[77,0,0,2,0,2.0,0.0],[79,0,0,1,0,2.0,0.0]],"152111.00000":[[77,0,2,2,0,5.0,0.0],[78,0,3,3,0,3.0,0.0]],"6469.00000":[[79,0,0,0,1,2.0,0.0],[77,0,0,2,4,6.0,0.0]],"5456.00000":[[77,0,0,2,0,2.0,0.0],[76,0,0,2,0,2.0,0.0],[79,0,0,0,3,3.0,0.0]],"896827.00000":[[76,0,0,1,0,2.0,0.0],[77,0,0,1,0,2.0,0.0]],"5450.00000":[[79,0,2,2,0,4.0,0.0],[77,0,1,1,0,1.0,1.0]],"3967.00000":[[79,0,1,3,0,3.0,0.0],[77,0,1,1,0,1.0,0.0],[76,0,1,3,0,4.0,0.0]],"1096.00000":[[78,0,1,1,1,4.0,0.0],[79,0,2,1,1,2.0,4.0],[76,0,0,1,0,5.0,4.0],[77,0,2,2,0,6.0,2.0]],"95843.00000":[[76,0,0,2,0,2.0,0.0],[79,0,0,1,0,2.0,0.0]],"623544.00000":[[77,0,0,1,0,1.0,0.0]],"1131.00000":[[79,0,2,2,0,2.0,4.0],[77,0,6,6,0,9.0,0.0],[78,0,1,3,0,3.0,4.0]],"11565.00000":[[79,0,11,2,18,20.0,0.0],[77,1,10,14,0,14.0,0.0],[76,0,5,6,0,8.0,0.0]],"512586.00000":[[77,0,0,1,0,2.0,0.0],[79,0,0,0,2,2.0,0.0]],"15049.00000":[[76,0,0,1,0,2.0,0.0],[78,0,1,0,1,3.0,0.0]],"14877.00000":[[76,0,1,1,0,1.0,0.0],[77,0,3,4,0,4.0,0.0]],"15352.00000":[[77,0,4,5,0,6.0,0.0],[79,0,4,6,0,7.0,0.0],[76,0,1,2,0,3.0,0.0]],"8997.00000":[[77,0,1,1,0,1.0,0.0]],"1069.00000":[[77,0,7,7,1,8.0,0.0],[76,0,1,2,0,6.0,0.0]],"5223.00000":[[76,0,1,1,0,1.0,0.0]],"6685.00000":[[76,0,0,1,0,1.0,0.0]],"997.00000":[[77,0,3,5,0,5.0,0.0],[76,0,2,4,0,4.0,0.0],[79,0,4,5,0,5.0,0.0]],"1296.00000":[[79,1,5,14,0,14.0,0.0],[76,0,3,5,0,9.0,0.0],[77,0,2,4,0,4.0,0.0]],"1290.00000":[[76,0,1,1,0,1.0,0.0],[77,0,2,2,0,2.0,0.0]],"3380.00000":[[77,0,1,1,0,1.0,0.0],[76,0,2,2,0,2.0,0.0]],"8675.00000":[[76,0,1,3,0,3.0,0.0]],"4068.00000":[[77,0,0,1,0,1.0,0.0],[76,0,1,2,0,2.0,0.0]],"93554.00000":[[77,0,2,2,0,2.0,0.0]],"88844.00000":[[77,0,0,1,0,5.0,0.0]],"8689.00000":[[76,0,1,3,0,9.0,0.0],[77,0,7,1,9,29.0,0.0],[78,0,6,8,0,14.0,0.0],[79,0,5,7,1,8.0,0.0]],"1027.00000":[[77,0,1,1,0,1.0,0.0],[76,0,5,6,0,7.0,0.0],[79,0,5,9,0,9.0,0.0]],"1128.00000":[[79,0,3,4,0,4.0,0.0],[76,0,3,3,0,3.0,0.0],[77,0,1,3,0,3.0,0.0]],"1009.00000":[[77,0,5,7,0,7.0,0.0],[79,0,4,7,0,7.0,0.0],[76,0,1,2,0,2.0,0.0]],"16372.00000":[[78,0,0,1,0,1.0,0.0],[77,0,0,2,1,4.0,0.0]],"5933.00000":[[79,0,0,1,0,1.0,0.0],[77,0,0,1,0,1.0,0.0]],"19027.00000":[[77,0,9,11,0,11.0,0.0],[79,0,10,13,0,22.0,0.0],[76,0,5,8,0,19.0,0.0]],"4209.00000":[[77,0,1,2,0,2.0,0.0]],"6132.00000":[[77,0,4,3,1,4.0,0.0],[79,0,2,2,0,3.0,0.0]],"254161.00000":[[77,0,0,2,0,4.0,0.0]],"20422.00000":[[77,0,8,10,0,16.0,0.0],[76,0,2,2,0,9.0,0.0],[78,0,4,6,0,6.0,0.0],[79,0,3,4,0,10.0,0.0]],"3941.00000":[[79,0,6,7,0,8.0,0.0],[76,0,1,1,0,4.0,0.0],[77,0,2,3,0,3.0,0.0]],"15024.00000":[[76,0,0,2,0,6.0,0.0],[79,0,5,7,0,9.0,0.0],[77,0,7,7,3,10.0,0.0]],"25687.00000":[[77,0,1,2,0,2.0,0.0]],