{"items":{"5449.00000":[[79,0,1,1,0,1.0,0.0],[78,0,1,1,0,2.0,0.0]],"1068.00000":[[78,0,2,2,0,6.0,6.0],[79,0,3,3,0,11.0,6.0]],"1066.00000":[[78,0,1,2,0,4.0,4.0],[79,0,6,7,0,7.0,6.0]],"1079.00000":[[79,0,1,2,0,2.0,1.0]],"34585.00000":[[79,0,1,2,0,4.0,0.0]],"6483.00000":[[79,0,4,4,0,11.0,11.0],[78,0,8,10,0,10.0,11.0]],"5450.00000":[[78,0,4,4,0,4.0,3.0],[79,0,1,1,0,4.0,3.0]],"5132.00000":[[78,0,0,5,0,20.0,6.0],[79,0,0,5,0,20.0,6.0]],"1108.00000":[[78,0,8,12,0,15.0,14.0],[79,0,11,11,0,18.0,13.0]],"1121.00000":[[79,0,0,14,0,18.0,7.0],[78,0,0,6,0,21.0,6.0]],"4601.00000":[[78,0,3,3,0,14.0,14.0],[79,0,14,15,2,17.0,7.0]],"6753.00000":[[78,0,1,1,0,1.0,1.0]],"962806.00000":[[78,0,2,2,0,2.0,0.0]],"1037.00000":[[78,0,2,3,0,9.0,6.0],[79,0,2,4,2,15.0,1.0]],"11570.00000":[[79,0,1,2,0,4.0,2.0]],"14817.00000":[[79,0,0,1,0,1.0,1.0]],"9539.00000":[[79,0,0,1,0,1.0,0.0],[78,0,0,2,0,2.0,0.0]],"9498.00000":[[78,0,0,3,0,3.0,0.0],[79,0,0,1,0,1.0,1.0]],"5452.00000":[[79,0,0,1,0,2.0,0.0]],"45306.00000":[[78,0,1,1,0,3.0,3.0],[79,0,6,7,0,7.0,5.0]],"247158.00000":[[79,0,0,2,0,2.0,0.0]],"1027.00000":[[78,0,4,4,0,10.0,9.0],[79,0,10,11,0,26.0,14.0]],"8547.00000":[[79,0,6,6,0,10.0,4.0]],"1007.00000":[[79,0,19,25,0,29.0,0.0],[78,0,3,3,0,16.0,0.0]],"9497.00000":[[79,0,0,1,0,1.0,2.0],[78,0,0,1,0,1.0,1.0]],"837353.00000":[[78,0,0,2,0,2.0,0.0]],"1056.00000":[[79,0,3,3,0,4.0,3.0]],"9036.00000":[[79,0,0,2,0,5.0,0.0]],"15024.00000":[[78,0,1,1,0,1.0,4.0],[79,0,1,1,0,1.0,2.0]],"11565.00000":[[78,0,1,1,0,8.0,0.0],[79,0,6,9,0,15.0,0.0]],"4213.00000":[[79,0,3,3,0,4.0,0.0]],"11577.00000":[[78,0,1,1,0,2.0,0.0],[79,0,1,1,0,1.0,0.0]],"9541.00000":[[79,0,0,1,0,1.0,1.0]],"4079.00000":[[79,0,4,4,0,4.0,0.0]],"12683.00000":[[79,0,10,11,0,11.0,17.0],[78,1,11,13,0,13.0,17.0]],"368700.00000":[[78,0,1,2,0,2.0,0.0]],"91485.00000":[[79,0,1,1,0,1.0,2.0]],"1082.00000":[[78,0,2,3,0,3.0,0.0]],"11440.00000":[[78,0,2,2,0,2.0,2.0],[79,0,6,6,0,6.0,5.0]],"15033.00000":[[79,0,2,2,0,4.0,0.0]],"2116.00000":[[79,0,19,28,6,34.0,28.0],[78,0,21,26,0,30.0,35.0]],"7388.00000":[[78,0,1,1,0,2.0,0.0],[79,0,1,1,0,1.0,3.0]],"6459.00000":[[79,0,0,1,0,4.0,0.0]],"3942.00000":[[79,0,1,1,0,2.0,1.0]],"1095.00000":[[78,0,3,6,0,6.0,9.0],[79,0,5,7,0,7.0,10.0]],"6473.00000":[[79,0,0,4,0,6.0,1.0]],"15353.00000":[[78,0,0,1,0,6.0,5.0],[79,0,0,3,0,7.0,8.0]],"7386.00000":[[79,0,0,0,3,6.0,0.0]],"4363.00000":[[78,0,1,1,0,2.0,0.0]],"20422.00000":[[79,0,8,10,0,13.0,9.0],[78,0,6,6,0,10.0,10.0]],"3943.00000":[[79,0,3,5,0,6.0,3.0],[78,0,1,1,0,3.0,3.0]],"1026.00000":[[78,0,2,3,0,3.0,3.0],[79,0,3,3,0,6.0,5.0]],"8687.00000":[[78,0,0,1,0,2.0,4.0]],"3941.00000":[[79,0,13,16,1,21.0,11.0],[78,0,3,5,0,16.0,14.0]],"7478.00000":[[79,0,2,2,0,3.0,1.0],[78,0,0,1,0,3.0,3.0]],"6461.00000":[[78,0,0,2,0,5.0,4.0],[79,0,0,4,2,6.0,3.0]],"8707.00000":[[79,0,3,5,2,10.0,5.0]],"19901.00000":[[79,0,1,1,0,2.0,0.0],[78,0,2,2,0,2.0,2.0]],"1096.00000":[[78,0,2,2,0,3.0,4.0],[79,0,4,2,2,5.0,4.0]],"4133.00000":[[78,0,2,2,0,2.0,0.0]],"19027.00000":[[78,0,5,6,0,13.0,15.0],[79,0,10,14,0,14.0,12.0]],"998871.00000":[[79,0,1,1,0,1.0,3.0],[78,0,1,1,0,2.0,0.0]],"1294.00000":[[78,0,3,3,0,6.0,6.0],[79,0,6,6,0,8.0,4.0]],"1013.00000":[[79,0,9,10,0,15.0,8.0],[78,0,1,1,0,5.0,5.0]],"741630.00000":[[79,0,0,1,0,2.0,1.0],[78,0,0,1,0,2.0,2.0]],"3380.00000":[[79,0,2,2,0,2.0,0.0],[78,0,1,1,0,2.0,0.0]],"93554.00000":[[78,0,1,1,0,2.0,0.0],[79,0,2,2,1,3.0,0.0]],"1113.00000":[[79,0,1,1,0,1.0,1.0],[78,0,0,1,0,2.0,5.0]],"1049.00000":[[78,0,1,1,0,3.0,3.0]],"1047.00000":[[79,0,6,8,0,11.0,4.0],[78,0,1,2,0,10.0,9.0]],"10664.00000":[[79,1,9,16,0,16.0,23.0],[78,0,2,3,0,3.0,23.0]],"11821.00000":[[79,0,2,2,1,5.0,0.0]],"1296.00000":[[78,0,3,4,0,7.0,6.0],[79,0,6,9,0,11.0,7.0]],"12474.00000":[[79,0,0,1,0,2.0,0.0],[78,0,0,2,0,2.0,0.0]],"1086.00000":[[79,0,0,19,0,21.0,11.0],[78,0,0,7,0,14.0,15.0]],"55568.00000":[[79,0,5,7,0,7.0,7.0]],"1107.00000":[[79,0,1,1,0,4.0,0.0]],"199260.00000":[[79,0,0,1,0,2.0,2.0]],"1045.00000":[[79,0,0,1,0,2.0,1.0]],"338712.00000":[[79,0,0,1,0,1.0,0.0],[78,0,0,1,0,2.0,0.0]],"16372.00000":[[79,0,0,1,0,3.0,0.0]],"24381.00000":[[78,0,0,1,0,2.0,2.0],[79,0,4,4,0,5.0,3.0]],"854514.00000":[[79,0,2,2,0,2.0,0.0]],"5913.00000":[[79,0,0,1,0,4.0,0.0]],"14589.00000":[[79,0,3,3,0,7.0,3.0]],"1128.00000":[[79,0,5,6,0,21.0,14.0],[78,0,2,3,0,6.0,6.0]],"16373.00000":[[79,0,0,5,0,5.0,1.0]],"7433.00000":[[79,1,6,11,0,17.0,8.0],[78,0,2,3,0,11.0,9.0]],"1083.00000":[[78,0,2,2,0,2.0,2.0],[79,0,1,2,0,2.0,0.0]],"3508.00000":[[79,0,1,1,0,3.0,2.0]],"47763.00000":[[79,0,2,3,0,5.0,1.0]],"3381.00000":[[78,0,1,1,0,1.0,0.0],[79,0,1,1,0,1.0,0.0]],"1016.00000":[[79,0,5,6,0,8.0,3.0]],"1289.00000":[[78,0,1,2,0,2.0,0.0]],"997.00000":[[79,0,2,2,0,6.0,4.0]],"28362.00000":[[79,0,0,1,0,2.0,0.0]],"6470.00000":[[78,0,0,1,0,3.0,0.0]],"7385.00000":[[79,0,0,2,0,7.0,0.0]],"6469.00000":[[79,0,0,1,0,1.0,1.0]],"8376.00000":[[79,0,0,1,0,1.0,0.0]],"2610.00000":[[78,0,1,1,0,4.0,4.0],[79,0,3,4,3,8.0,4.0]],"357325.00000":[[79,0,2,2,0,2.0,0.0]],"32331.00000":[[79,0,0,1,0,1.0,1.0]],"7809.00000":[[79,0,1,1,0,2.0,0.0]],"1074.00000":[[78,0,3,4,0,4.0,5.0],[79,0,1,1,0,8.0,7.0]],"4597.00000":[[79,0,5,8,0,10.0,8.0],[78,0,0,2,0,2.0,2.0]],"6476.00000":[[79,0,0,2,3,5.0,1.0]],"8438.00000":[[79,0,2,2,0,2.0,0.0]],"1137.00000":[[79,0,1,2,0,2.0,0.0]],"7821.00000":[[79,0,5,5,0,5.0,9.0]],"1009.00000":[[79,0,3,4,0,9.0,5.0],[78,0,2,4,0,7.0,5.0]],"52733.00000":[[78,0,0,1,0,1.0,1.0],[79,0,0,1,0,1.0,3.0]],"17011.00000":[[78,0,1,1,0,3.0,4.0],[79,0,1,1,0,4.0,0.0]],"5933.00000":[[79,0,0,1,0,1.0,1.0]],"1133.00000":[[78,0,1,1,0,1.0,0.0],[79,0,0,1,0,1.0,0.0]],"3795.00000":[[78,0,0,3,0,4.0,5.0],[79,0,0,5,0,10.0,8.0]],"20763.00000":[[79,0,2,5,0,5.0,4.0]],"369634.00000":[[78,0,1,1,0,1.0,1.0],[79,0,1,1,0,1.0,1.0]],"956524.00000":[[79,0,1,1,0,3.0,0.0]],"1284.00000":[[78,0,7,17,0,30.0,21.0],[79,0,15,19,0,42.0,17.0]],"4599.00000":[[78,0,6,7,0,14.0,14.0],[79,0,10,15,1,16.0,10.0]],"527834.00000":[[79,0,3,3,0,3.0,0.0],[78,0,1,1,0,2.0,0.0]],"337436.00000":[[79,0,0,3,0,3.0,0.0],[78,0,0,1,0,2.0,0.0]],"2609.00000":[[79,0,2,2,1,3.0,1.0]],"1025.00000":[[79,0,2,5,0,5.0,7.0],[78,0,3,6,0,6.0,8.0]],"3387.00000":[[78,0,1,1,0,2.0,0.0],[79,0,1,2,0,2.0,0.0]],"16868.00000":[[79,0,1,1,0,2.0,1.0]],"1069.00000":[[79,0,2,4,0,5.0,3.0]],"1131.00000":[[79,0,3,3,0,10.0,4.0]],"1292.00000":[[78,0,0,2,0,2.0,2.0],[79,0,0,2,0,5.0,4.0]],"6455.00000":[[79,0,0,2,0,5.0,1.0]],"8689.00000":[[79,0,14,18,1,49.0,13.0],[78,0,7,11,0,30.0,14.0]],"14877.00000":[[78,0,1,1,0,1.0,0.0],[79,0,2,2,0,2.0,0.0]],"11544.00000":[[79,0,1,1,0,4.0,0.0]],"51935.00000":[[79,0,1,3,0,3.0,0.0],[78,0,0,1,0,3.0,0.0]],"998.00000":[[79,0,1,2,0,3.0,2.0]],"5733.00000":[[78,0,7,10,0,20.0,17.0],[79,0,12,24,0,24.0,11.0]],"8276.00000":[[79,0,0,1,0,4.0,0.0]],"691672.00000":[[78,0,1,1,0,2.0,0.0],[79,0,1,1,0,4.0,0.0]],"11581.00000":[[79,0,2,3,0,3.0,0.0]],"99610.00000":[[79,0,1,1,0,2.0,1.0]],"893512.00000":[[78,0,1,1,0,2.0,0.0]],"7816.00000":[[79,0,3,3,0,6.0,2.0]],"1036.00000":[[78,0,5,8,0,11.0,10.0],[79,0,6,6,0,14.0,9.0]],"17369.00000":[[79,0,0,1,0,4.0,0.0]],"19646.00000":[[79,0,0,6,1,10.0,3.0]],"16997.00000":[[79,0,0,5,2,8.0,3.0]],"1102.00000":[[79,0,1,1,0,1.0,0.0]],"7044.00000":[[79,0,3,4,0,4.0,0.0]],"3505.00000":[[78,0,1,1,0,2.0,0.0]],"16377.00000":[[79,0,1,2,1,3.0,2.0]],"22716.00000":[[79,0,2,2,0,2.0,0.0]],"5456.00000":[[78,0,0,2,0,3.0,0.0]],"774437.00000":[[79,0,1,1,0,1.0,0.0],[78,0,1,1,0,2.0,0.0]],"7469.00000":[[79,0,1,1,0,4.0,0.0]],"676348.00000":[[78,0,1,1,0,1.0,3.0],[79,0,1,1,0,1.0,3.0]],"49620.00000":[[78,0,2,2,0,2.0,0.0],[79,1,3,3,0,3.0,0.0]],"8277.00000":[[78,0,0,1,0,1.0,2.0]],"8688.00000":[[79,0,2,2,0,6.0,3.0]],"15113.00000":[[79,0,1,1,0,2.0,0.0]],"17060.00000":[[78,0,2,2,0,2.0,0.0],[79,0,1,1,0,1.0,0.0]],"7808.00000":[[79,0,1,1,0,1.0,0.0],[78,0,1,1,0,1.0,0.0]],"8354.00000":[[79,0,0,2,0,2.0,0.0]],"8287.00000":[[79,0,0,2,0,2.0,1.0]],"183593.00000":[[79,0,0,2,0,3.0,0.0]],"993186.00000":[[79,0,1,2,0,4.0,2.0]],"1041.00000":[[78,0,0,12,0,20.0,16.0],[79,0,0,14,0,21.0,12.0]],"4362.00000":[[79,0,2,2,1,3.0,0.0]],"4563.00000":[[79,0,2,2,1,5.0,0.0]],