{"items":{"11544.00000":[[75,0,2,2,0,2.0,0.0]],"8288.00000":[[75,0,0,4,1,11.0,0.0],[74,0,0,1,0,12.0,0.0]],"4068.00000":[[75,0,1,1,1,3.0,0.0]],"17369.00000":[[74,0,0,1,0,1.0,0.0]],"1009.00000":[[75,0,2,2,1,16.0,0.0],[74,0,2,3,0,10.0,0.0]],"14817.00000":[[74,0,0,1,0,6.0,0.0],[75,0,0,0,4,7.0,0.0]],"9498.00000":[[75,0,0,0,2,3.0,0.0],[74,0,0,1,0,2.0,0.0]],"6461.00000":[[75,0,0,1,0,5.0,0.0],[74,0,0,1,0,4.0,0.0]],"572726.00000":[[75,0,0,0,1,4.0,0.0]],"1026.00000":[[75,0,6,2,4,15.0,0.0],[74,0,4,4,0,9.0,0.0]],"1037.00000":[[74,0,7,8,0,24.0,0.0],[75,0,15,10,6,38.0,0.0]],"5930.00000":[[74,0,1,1,0,4.0,0.0],[75,0,3,0,4,5.0,0.0]],"3941.00000":[[74,0,8,8,0,24.0,0.0],[75,0,9,1,10,37.0,0.0]],"1069.00000":[[74,0,2,2,0,17.0,0.0],[75,0,4,0,5,31.0,0.0]],"4083.00000":[[75,0,1,1,0,2.0,0.0],[74,0,1,1,0,1.0,0.0]],"6187.00000":[[75,0,5,3,2,16.0,0.0],[74,0,3,4,0,9.0,0.0]],"956524.00000":[[74,0,1,1,0,4.0,0.0]],"9541.00000":[[75,0,0,1,0,2.0,0.0]],"831537.00000":[[75,0,1,3,0,3.0,0.0],[74,0,0,3,0,3.0,0.0]],"603023.00000":[[75,0,0,0,1,2.0,0.0]],"1128.00000":[[74,0,2,2,0,17.0,0.0],[75,0,10,10,1,16.0,0.0]],"7478.00000":[[74,0,1,2,0,1.0,0.0],[75,0,1,0,1,6.0,0.0]],"6459.00000":[[75,0,0,4,0,4.0,0.0]],"15024.00000":[[74,0,5,9,0,13.0,0.0],[75,0,11,7,10,22.0,0.0]],"1086.00000":[[75,0,0,3,25,120.0,0.0],[74,0,0,20,0,67.0,0.0]],"1051.00000":[[75,0,4,0,57,47.0,0.0],[74,0,0,55,1,54.0,0.0]],"3384.00000":[[75,0,1,0,1,1.0,0.0]],"20763.00000":[[75,0,4,5,0,5.0,0.0],[74,0,1,1,0,1.0,0.0]],"45306.00000":[[75,0,2,0,2,10.0,0.0],[74,0,4,5,0,6.0,0.0]],"806641.00000":[[74,0,1,1,0,1.0,0.0],[75,0,1,1,0,1.0,0.0]],"1103.00000":[[75,0,1,1,0,4.0,0.0]],"8354.00000":[[75,0,0,0,1,2.0,0.0]],"654624.00000":[[75,0,1,2,0,9.0,0.0]],"47763.00000":[[75,0,2,1,1,12.0,0.0]],"7433.00000":[[75,0,11,15,0,15.0,0.0],[74,0,6,14,0,14.0,0.0]],"7044.00000":[[75,0,4,1,5,8.0,0.0],[74,0,2,2,0,4.0,0.0]],"836288.00000":[[75,0,0,0,1,2.0,0.0]],"1068.00000":[[75,0,3,0,5,5.0,0.0],[74,1,2,2,0,4.0,0.0]],"22716.00000":[[74,0,2,3,0,4.0,0.0],[75,0,4,3,3,6.0,0.0]],"9497.00000":[[74,0,0,3,0,3.0,0.0],[75,0,0,2,0,4.0,0.0]],"11557.00000":[[75,0,1,1,1,2.0,0.0]],"618280.00000":[[75,0,2,2,0,2.0,0.0],[74,0,2,7,0,7.0,0.0]],"899146.00000":[[74,0,6,12,0,30.0,0.0],[75,0,5,4,2,40.0,0.0]],"1284.00000":[[74,2,21,36,0,50.0,0.0],[75,0,24,8,31,134.0,0.0]],"55568.00000":[[75,0,6,10,0,11.0,0.0],[74,0,4,6,0,6.0,0.0]],"15353.00000":[[75,0,0,0,8,8.0,0.0],[74,0,0,4,0,6.0,0.0]],"15033.00000":[[75,0,1,1,0,7.0,0.0]],"903992.00000":[[75,0,0,3,0,23.0,0.0],[74,0,0,4,0,27.0,0.0]],"27568.00000":[[75,0,0,0,1,3.0,0.0]],"910365.00000":[[74,0,1,1,0,0.0,0.0]],"20422.00000":[[74,0,1,3,0,15.0,0.0],[75,0,4,6,2,33.0,0.0]],"746008.00000":[[75,0,1,1,0,1.0,0.0],[74,0,0,1,0,1.0,0.0]],"1047.00000":[[74,0,2,2,0,12.0,0.0],[75,0,12,10,6,24.0,0.0]],"7460.00000":[[75,0,0,0,10,10.0,0.0],[74,0,0,4,0,7.0,0.0]],"8689.00000":[[74,0,6,8,0,50.0,0.0],[75,0,11,15,4,82.0,0.0]],"8707.00000":[[74,0,1,1,0,3.0,0.0],[75,0,7,1,6,11.0,0.0]],"990.00000":[[74,0,0,3,0,3.0,0.0],[75,0,0,4,0,4.0,0.0]],"1041.00000":[[74,0,0,12,0,57.0,0.0],[75,0,0,6,17,79.0,0.0]],"4599.00000":[[75,0,9,1,15,36.0,0.0],[74,0,8,18,0,31.0,0.0]],"16997.00000":[[74,0,0,1,0,1.0,0.0],[75,0,0,1,0,4.0,0.0]],"526248.00000":[[75,0,5,5,0,5.0,0.0],[74,0,3,5,0,5.0,0.0]],"959348.00000":[[75,0,1,1,0,1.0,0.0],[74,0,1,1,0,1.0,0.0]],"1290.00000":[[75,0,1,0,1,3.0,0.0],[74,0,1,1,0,2.0,0.0]],"1036.00000":[[74,0,5,6,0,25.0,0.0],[75,0,12,4,12,34.0,0.0]],"854514.00000":[[75,0,7,4,5,13.0,0.0],[74,0,2,2,0,8.0,0.0]],"7387.00000":[[75,0,1,0,1,3.0,0.0]],"680979.00000":[[74,0,1,1,0,2.0,0.0],[75,0,1,2,0,6.0,0.0]],"1027.00000":[[74,0,7,7,0,40.0,0.0],[75,0,22,7,18,73.0,0.0]],"197437.00000":[[75,0,1,1,0,1.0,0.0],[74,0,1,1,0,1.0,0.0]],"357325.00000":[[75,0,0,1,0,1.0,0.0],[74,0,0,2,0,2.0,0.0]],"4213.00000":[[74,0,2,2,0,3.0,0.0]],"11230.00000":[[75,0,0,0,2,2.0,0.0]],"647226.00000":[[75,0,0,1,0,1.0,0.0],[74,0,0,2,0,2.0,0.0]],"1013.00000":[[74,0,3,5,0,15.0,0.0],[75,0,7,2,8,29.0,0.0]],"788167.00000":[[75,0,1,0,1,4.0,0.0]],"1062.00000":[[75,0,0,2,0,2.0,0.0]],"676348.00000":[[75,0,1,1,0,6.0,0.0]],"1016.00000":[[75,0,5,4,3,12.0,0.0],[74,0,3,5,0,7.0,0.0]],"6188.00000":[[75,0,2,1,1,7.0,0.0]],"8277.00000":[[75,0,0,0,1,6.0,0.0],[74,0,0,1,0,4.0,0.0]],"1131.00000":[[75,0,4,2,2,38.0,8.0],[74,0,1,1,0,19.0,8.0]],"17011.00000":[[74,0,2,2,0,3.0,0.0],[75,0,1,2,1,4.0,0.0]],"964679.00000":[[75,0,0,0,1,2.0,0.0]],"874167.00000":[[75,0,3,1,4,25.0,0.0],[74,0,2,3,0,18.0,0.0]],"1108.00000":[[74,0,8,11,0,45.0,0.0],[75,0,20,10,12,79.0,0.0]],"367614.00000":[[75,0,0,0,1,1.0,0.0]],"19027.00000":[[75,0,17,22,0,79.0,0.0],[74,0,8,11,0,30.0,0.0]],"993186.00000":[[74,0,1,4,0,4.0,0.0],[75,0,3,3,0,3.0,0.0]],"11577.00000":[[75,0,1,1,0,1.0,0.0],[74,0,1,1,0,2.0,0.0]],"2116.00000":[[75,0,40,28,18,206.0,0.0],[74,0,28,34,0,120.0,0.0]],"8276.00000":[[75,0,0,0,1,2.0,0.0]],"7821.00000":[[74,1,2,2,0,12.0,0.0],[75,0,3,4,1,26.0,0.0]],"3381.00000":[[75,0,0,2,0,2.0,0.0],[74,0,1,1,0,1.0,0.0]],"163618.00000":[[74,0,0,1,0,2.0,0.0]],"6473.00000":[[75,0,0,1,0,17.0,0.0],[74,0,0,1,0,11.0,0.0]],"2609.00000":[[74,0,1,2,0,2.0,0.0],[75,0,6,7,0,13.0,0.0]],"5733.00000":[[75,0,12,25,0,60.0,0.0],[74,0,7,9,0,34.0,0.0]],"7472.00000":[[75,0,1,1,0,1.0,0.0],[74,0,1,1,0,1.0,0.0]],"6476.00000":[[75,0,0,2,0,4.0,0.0]],"4563.00000":[[75,0,1,1,0,2.0,0.0],[74,1,3,3,0,3.0,0.0]],"28362.00000":[[75,0,1,0,1,1.0,0.0]],"1074.00000":[[75,0,14,7,9,51.0,0.0],[74,0,6,6,0,27.0,0.0]],"8719.00000":[[75,0,1,0,1,6.0,0.0]],"678939.00000":[[75,0,1,1,0,7.0,0.0]],"15038.00000":[[74,0,0,1,0,1.0,0.0],[75,0,0,3,6,8.0,0.0]],"512179.00000":[[75,0,2,0,2,5.0,0.0]],"6483.00000":[[74,0,5,8,0,29.0,0.0],[75,0,10,0,13,46.0,0.0]],"11559.00000":[[75,0,1,1,0,1.0,0.0],[74,0,1,1,0,1.0,0.0]],"1092.00000":[[75,0,4,0,10,18.0,0.0],[74,0,0,2,0,10.0,0.0]],"1007.00000":[[74,0,5,7,0,16.0,0.0],[75,0,13,13,5,25.0,0.0]],"6128.00000":[[74,0,1,2,0,4.0,0.0],[75,0,1,1,0,1.0,0.0]],"785496.00000":[[74,0,0,3,0,9.0,0.0],[75,0,0,6,1,13.0,0.0]],"3795.00000":[[75,0,1,15,0,16.0,0.0],[74,0,0,11,0,27.0,0.0]],"255541.00000":[[75,0,1,1,2,5.0,0.0]],"10664.00000":[[74,0,7,8,0,33.0,0.0],[75,0,12,4,15,45.0,0.0]],"792482.00000":[[74,0,0,2,0,9.0,0.0],[75,0,0,3,0,17.0,0.0]],"702050.00000":[[74,0,0,2,0,2.0,0.0]],"11351.00000":[[75,0,3,3,0,3.0,0.0],[74,0,1,1,0,2.0,0.0]],"175981.00000":[[75,0,2,2,0,5.0,0.0],[74,0,1,1,0,6.0,0.0]],"128584.00000":[[75,0,4,8,0,16.0,0.0]],"1066.00000":[[75,0,3,0,9,26.0,0.0],[74,0,2,3,0,16.0,0.0]],"1005.00000":[[74,0,12,15,0,20.0,0.0],[75,0,19,1,21,53.0,0.0]],"8547.00000":[[75,0,1,2,0,2.0,0.0],[74,0,2,4,0,4.0,0.0]],"1095.00000":[[75,0,12,8,8,18.0,0.0],[74,0,6,8,0,19.0,0.0]],"512586.00000":[[74,0,0,1,0,2.0,0.0]],"749522.00000":[[75,0,4,4,1,12.0,0.0]],"19646.00000":[[74,0,0,3,0,10.0,0.0],[75,0,0,0,4,14.0,0.0]],"17060.00000":[[75,0,7,8,3,30.0,0.0],[74,0,2,2,0,13.0,0.0]],"952698.00000":[[75,0,0,1,0,2.0,0.0]],"1025.00000":[[75,0,7,10,0,13.0,0.0],[74,0,9,13,0,13.0,0.0]],"1079.00000":[[74,0,1,1,0,2.0,0.0],[75,0,1,1,1,2.0,0.0]],"8688.00000":[[74,0,1,3,0,3.0,0.0]],"9539.00000":[[75,0,0,0,1,2.0,0.0]],"51935.00000":[[75,0,7,8,0,9.0,0.0],[74,0,2,2,0,2.0,0.0]],"4233.00000":[[74,0,2,2,0,2.0,0.0],[75,0,1,1,0,2.0,0.0]],"938324.00000":[[75,0,2,2,0,2.0,0.0]],"5450.00000":[[74,0,1,2,0,3.0,0.0],[75,0,1,2,0,8.0,0.0]],"887609.00000":[[75,0,0,2,0,2.0,0.0]],"4209.00000":[[74,0,2,2,0,3.0,0.0]],"595620.00000":[[74,0,0,1,0,4.0,0.0],[75,0,1,0,1,6.0,0.0]],"3380.00000":[[75,0,1,0,1,1.0,0.0],[74,0,1,1,0,2.0,0.0]],"6891.00000":[[75,0,3,0,4,4.0,0.0],[74,0,1,1,0,2.0,0.0]],"515988.00000":[[75,0,2,2,0,2.0,0.0],[74,0,1,2,0,2.0,0.0]],"5132.00000":[[75,0,1,0,10,20.0,0.0],[74,0,0,3,0,20.0,0.0]],"5933.00000":[[74,0,0,1,0,1.0,0.0],[75,0,0,2,0,7.0,0.0]],"5796.00000":[[75,0,1,1,0,2.0,0.0]],"785537.00000":[[75,0,0,0,2,2.0,0.0]],"909945.00000":[[75,0,0,2,0,2.0,0.0]],"895711.00000":[[74,0,1,1,0,1.0,0.0]],"3942.00000":[[75,0,2,2,0,3.0,0.0]],"8687.00000":[[75,1,5,4,4,9.0,0.0]],"1106.00000":[[74,0,1,1,0,1.0,0.0]],"11565.00000":[[74,0,5,8,0,16.0,0.0],[75,0,6,4,3,32.0,0.0]],"12683.00000":[[75,0,8,1,10,32.0,0.0],[74,0,3,3,0,18.0,0.0]],